"STATION","NAME","DATE","PRCP","TAVG","TMAX","TMIN"
"USR0000CCLA","CLAREMONT CALIFORNIA, CA US","2015-01-01",,"41","55","30"
"USR0000CCLA","CLAREMONT CALIFORNIA, CA US","2015-01-02",,"43","58","32"
"USR0000CCLA","CLAREMONT CALIFORNIA, CA US","2015-01-03",,"45","61","33"
"USR0000CCLA","CLAREMONT CALIFORNIA, CA US","2015-01-04",,"52","70","37"
"USR0000CCLA","CLAREMONT CALIFORNIA, CA US","2015-01-05",,"59","79","45"
"USR0000CCLA","CLAREMONT CALIFORNIA, CA US","2015-01-06",,"62","82","45"
"USR0000CCLA","CLAREMONT CALIFORNIA, CA US","2015-01-07",,"62","81","48"
"USR0000CCLA","CLAREMONT CALIFORNIA, CA US","2015-01-08",,"60","77","49"
"USR0000CCLA","CLAREMONT CALIFORNIA, CA US","2015-01-09",,"56","67","47"
"USR0000CCLA","CLAREMONT CALIFORNIA, CA US","2015-01-10",,"54","67","48"
"USR0000CCLA","CLAREMONT CALIFORNIA, CA US","2015-01-11",,"53","56","47"
"USR0000CCLA","CLAREMONT CALIFORNIA, CA US","2015-01-12",,"53","66","44"
"USR0000CCLA","CLAREMONT CALIFORNIA, CA US","2015-01-13",,"50","61","46"
"USR0000CCLA","CLAREMONT CALIFORNIA, CA US","2015-01-26",,"56","73","51"
"USR0000CCLA","CLAREMONT CALIFORNIA, CA US","2015-01-27",,"58","72","51"
"USR0000CCLA","CLAREMONT CALIFORNIA, CA US","2015-01-28",,"58","73","48"
"USR0000CCLA","CLAREMONT CALIFORNIA, CA US","2015-01-29",,"61","75","52"
"USR0000CCLA","CLAREMONT CALIFORNIA, CA US","2015-01-30",,"57","65","53"
"USR0000CCLA","CLAREMONT CALIFORNIA, CA US","2015-01-31",,"56","67","51"
"USR0000CCLA","CLAREMONT CALIFORNIA, CA US","2015-02-01",,"60","74","48"
"USR0000CCLA","CLAREMONT CALIFORNIA, CA US","2015-02-02",,"62","79","50"
"USR0000CCLA","CLAREMONT CALIFORNIA, CA US","2015-02-03",,"60","77","49"
"USR0000CCLA","CLAREMONT CALIFORNIA, CA US","2015-02-04",,"61","78","47"
"USR0000CCLA","CLAREMONT CALIFORNIA, CA US","2015-02-05",,"65","86","50"
"USR0000CCLA","CLAREMONT CALIFORNIA, CA US","2015-02-06",,"61","77","50"
"USR0000CCLA","CLAREMONT CALIFORNIA, CA US","2015-02-07",,"58","70","46"
"USR0000CCLA","CLAREMONT CALIFORNIA, CA US","2015-02-08",,"62","76","50"
"USR0000CCLA","CLAREMONT CALIFORNIA, CA US","2015-02-09",,"60","73","50"
"USR0000CCLA","CLAREMONT CALIFORNIA, CA US","2015-02-10",,"62","79","48"
"USR0000CCLA","CLAREMONT CALIFORNIA, CA US","2015-02-11",,"66","84","50"
"USR0000CCLA","CLAREMONT CALIFORNIA, CA US","2015-02-12",,"66","84","51"
"USR0000CCLA","CLAREMONT CALIFORNIA, CA US","2015-02-13",,"67","85","51"
"USR0000CCLA","CLAREMONT CALIFORNIA, CA US","2015-02-14",,"68","84","56"
"USR0000CCLA","CLAREMONT CALIFORNIA, CA US","2015-02-15",,"63","79","50"
"USR0000CCLA","CLAREMONT CALIFORNIA, CA US","2015-02-16",,"60","77","47"
"USR0000CCLA","CLAREMONT CALIFORNIA, CA US","2015-02-17",,"57","72","44"
"USR0000CCLA","CLAREMONT CALIFORNIA, CA US","2015-02-18",,"61","77","47"
"USR0000CCLA","CLAREMONT CALIFORNIA, CA US","2015-02-19",,"60","75","48"
"USR0000CCLA","CLAREMONT CALIFORNIA, CA US","2015-02-20",,"55","70","45"
"USR0000CCLA","CLAREMONT CALIFORNIA, CA US","2015-02-21",,"55","67","46"
"USR0000CCLA","CLAREMONT CALIFORNIA, CA US","2015-02-22",,"51","57","48"
"USR0000CCLA","CLAREMONT CALIFORNIA, CA US","2015-02-23",,"48","61","41"
"USR0000CCLA","CLAREMONT CALIFORNIA, CA US","2015-02-24",,"53","70","38"
"USR0000CCLA","CLAREMONT CALIFORNIA, CA US","2015-02-25",,"56","72","44"
"USR0000CCLA","CLAREMONT CALIFORNIA, CA US","2015-02-26",,"55","70","44"
"USR0000CCLA","CLAREMONT CALIFORNIA, CA US","2015-02-27",,"53","61","43"
"USR0000CCLA","CLAREMONT CALIFORNIA, CA US","2015-02-28",,"51","57","46"
"USR0000CCLA","CLAREMONT CALIFORNIA, CA US","2015-03-01",,"49","55","43"
"USR0000CCLA","CLAREMONT CALIFORNIA, CA US","2015-03-02",,"48","55","40"
"USR0000CCLA","CLAREMONT CALIFORNIA, CA US","2015-03-03",,"50","63","37"
"USR0000CCLA","CLAREMONT CALIFORNIA, CA US","2015-03-04",,"54","70","41"
"USR0000CCLA","CLAREMONT CALIFORNIA, CA US","2015-03-05",,"57","74","42"
"USR0000CCLA","CLAREMONT CALIFORNIA, CA US","2015-03-06",,"62","83","42"
"USR0000CCLA","CLAREMONT CALIFORNIA, CA US","2015-03-07",,"65","83","50"
"USR0000CCLA","CLAREMONT CALIFORNIA, CA US","2015-03-08",,"62","77","50"
"USR0000CCLA","CLAREMONT CALIFORNIA, CA US","2015-03-09",,"60","76","48"
"USR0000CCLA","CLAREMONT CALIFORNIA, CA US","2015-03-10",,"65","83","50"
"USR0000CCLA","CLAREMONT CALIFORNIA, CA US","2015-03-11",,"66","73","58"
"USR0000CCLA","CLAREMONT CALIFORNIA, CA US","2015-03-12",,"68","85","50"
"USR0000CCLA","CLAREMONT CALIFORNIA, CA US","2015-03-13",,"73","89","61"
"USR0000CCLA","CLAREMONT CALIFORNIA, CA US","2015-03-14",,"73","90","57"
"USR0000CCLA","CLAREMONT CALIFORNIA, CA US","2015-03-15",,"75","90","62"
"USR0000CCLA","CLAREMONT CALIFORNIA, CA US","2015-03-16",,"72","90","59"
"USR0000CCLA","CLAREMONT CALIFORNIA, CA US","2015-03-17",,"67","80","55"
"USR0000CCLA","CLAREMONT CALIFORNIA, CA US","2015-03-18",,"62","74","51"
"USR0000CCLA","CLAREMONT CALIFORNIA, CA US","2015-03-19",,"62","77","52"
"USR0000CCLA","CLAREMONT CALIFORNIA, CA US","2015-03-20",,"65","82","49"
"USR0000CCLA","CLAREMONT CALIFORNIA, CA US","2015-03-21",,"62","78","50"
"USR0000CCLA","CLAREMONT CALIFORNIA, CA US","2015-03-22",,"58","71","49"
"USR0000CCLA","CLAREMONT CALIFORNIA, CA US","2015-03-23",,"58","70","49"
"USR0000CCLA","CLAREMONT CALIFORNIA, CA US","2015-03-24",,"60","76","48"
"USR0000CCLA","CLAREMONT CALIFORNIA, CA US","2015-03-25",,"69","85","52"
"USR0000CCLA","CLAREMONT CALIFORNIA, CA US","2015-03-26",,"73","91","55"
"USR0000CCLA","CLAREMONT CALIFORNIA, CA US","2015-03-27",,"73","90","59"
"USR0000CCLA","CLAREMONT CALIFORNIA, CA US","2015-03-28",,"71","86","56"
"USR0000CCLA","CLAREMONT CALIFORNIA, CA US","2015-03-29",,"68","86","52"
"USR0000CCLA","CLAREMONT CALIFORNIA, CA US","2015-03-30",,"67","83","51"
"USR0000CCLA","CLAREMONT CALIFORNIA, CA US","2015-03-31",,"63","77","51"
"USR0000CCLA","CLAREMONT CALIFORNIA, CA US","2015-04-01",,"60","76","50"
"USR0000CCLA","CLAREMONT CALIFORNIA, CA US","2015-04-02",,"59","76","45"
"USR0000CCLA","CLAREMONT CALIFORNIA, CA US","2015-04-03",,"67","83","50"
"USR0000CCLA","CLAREMONT CALIFORNIA, CA US","2015-04-04",,"67","82","51"
"USR0000CCLA","CLAREMONT CALIFORNIA, CA US","2015-04-05",,"58","72","46"
"USR0000CCLA","CLAREMONT CALIFORNIA, CA US","2015-04-06",,"54","66","42"
"USR0000CCLA","CLAREMONT CALIFORNIA, CA US","2015-04-07",,"50","63","38"
"USR0000CCLA","CLAREMONT CALIFORNIA, CA US","2015-04-08",,"53","68","39"
"USR0000CCLA","CLAREMONT CALIFORNIA, CA US","2015-04-09",,"59","76","45"
"USR0000CCLA","CLAREMONT CALIFORNIA, CA US","2015-04-10",,"57","72","44"
"USR0000CCLA","CLAREMONT CALIFORNIA, CA US","2015-04-11",,"60","74","44"
"USR0000CCLA","CLAREMONT CALIFORNIA, CA US","2015-04-12",,"63","79","47"
"USR0000CCLA","CLAREMONT CALIFORNIA, CA US","2015-04-13",,"62","78","50"
"USR0000CCLA","CLAREMONT CALIFORNIA, CA US","2015-04-14",,"55","67","46"
"USR0000CCLA","CLAREMONT CALIFORNIA, CA US","2015-04-17",,"70","81","53"
"USR0000CCLA","CLAREMONT CALIFORNIA, CA US","2015-04-18",,"66","81","51"
"USR0000CCLA","CLAREMONT CALIFORNIA, CA US","2015-04-19",,"63","81","50"
"USR0000CCLA","CLAREMONT CALIFORNIA, CA US","2015-04-20",,"58","74","44"
"USR0000CCLA","CLAREMONT CALIFORNIA, CA US","2015-04-21",,"55","59","51"
"USR0000CCLA","CLAREMONT CALIFORNIA, CA US","2015-04-22",,"57","67","48"
"USR0000CCLA","CLAREMONT CALIFORNIA, CA US","2015-04-23",,"57","65","48"
"USR0000CCLA","CLAREMONT CALIFORNIA, CA US","2015-04-24",,"55","61","51"
"USR0000CCLA","CLAREMONT CALIFORNIA, CA US","2015-04-25",,"53","60","46"
"USR0000CCLA","CLAREMONT CALIFORNIA, CA US","2015-04-26",,"59","74","44"
"USR0000CCLA","CLAREMONT CALIFORNIA, CA US","2015-04-27",,"68","85","51"
"USR0000CCLA","CLAREMONT CALIFORNIA, CA US","2015-04-28",,"74","92","54"
"USR0000CCLA","CLAREMONT CALIFORNIA, CA US","2015-04-29",,"76","94","59"
"USR0000CCLA","CLAREMONT CALIFORNIA, CA US","2015-04-30",,"76","91","61"
"USR0000CCLA","CLAREMONT CALIFORNIA, CA US","2015-05-01",,"74","90","59"
"USR0000CCLA","CLAREMONT CALIFORNIA, CA US","2015-05-02",,"71","86","51"
"USR0000CCLA","CLAREMONT CALIFORNIA, CA US","2015-05-03",,"60","75","47"
"USR0000CCLA","CLAREMONT CALIFORNIA, CA US","2015-05-04",,"58","72","48"
"USR0000CCLA","CLAREMONT CALIFORNIA, CA US","2015-05-05",,"58","68","47"
"USR0000CCLA","CLAREMONT CALIFORNIA, CA US","2015-05-06",,"56","62","48"
"USR0000CCLA","CLAREMONT CALIFORNIA, CA US","2015-05-07",,"53","61","45"
"USR0000CCLA","CLAREMONT CALIFORNIA, CA US","2015-05-08",,"52","59","42"
"USR0000CCLA","CLAREMONT CALIFORNIA, CA US","2015-05-09",,"56","62","51"
"USR0000CCLA","CLAREMONT CALIFORNIA, CA US","2015-05-10",,"65","79","46"
"USR0000CCLA","CLAREMONT CALIFORNIA, CA US","2015-05-11",,"67","84","52"
"USR0000CCLA","CLAREMONT CALIFORNIA, CA US","2015-05-12",,"61","75","48"
"USR0000CCLA","CLAREMONT CALIFORNIA, CA US","2015-05-13",,"59","69","47"
"USR0000CCLA","CLAREMONT CALIFORNIA, CA US","2015-05-14",,"52","60","49"
"USR0000CCLA","CLAREMONT CALIFORNIA, CA US","2015-05-15",,"53","61","45"
"USR0000CCLA","CLAREMONT CALIFORNIA, CA US","2015-05-16",,"57","66","44"
"USR0000CCLA","CLAREMONT CALIFORNIA, CA US","2015-05-17",,"61","71","47"
"USR0000CCLA","CLAREMONT CALIFORNIA, CA US","2015-05-18",,"57","68","51"
"USR0000CCLA","CLAREMONT CALIFORNIA, CA US","2015-05-19",,"59","70","47"
"USR0000CCLA","CLAREMONT CALIFORNIA, CA US","2015-05-20",,"60","74","50"
"USR0000CCLA","CLAREMONT CALIFORNIA, CA US","2015-05-21",,"58","66","52"
"USR0000CCLA","CLAREMONT CALIFORNIA, CA US","2015-05-22",,"54","60","50"
"USR0000CCLA","CLAREMONT CALIFORNIA, CA US","2015-05-23",,"57","64","52"
"USR0000CCLA","CLAREMONT CALIFORNIA, CA US","2015-05-24",,"59","67","52"
"USR0000CCLA","CLAREMONT CALIFORNIA, CA US","2015-05-25",,"58","70","49"
"USR0000CCLA","CLAREMONT CALIFORNIA, CA US","2015-05-26",,"61","73","54"
"USR0000CCLA","CLAREMONT CALIFORNIA, CA US","2015-05-27",,"62","76","51"
"USR0000CCLA","CLAREMONT CALIFORNIA, CA US","2015-05-28",,"65","82","50"
"USR0000CCLA","CLAREMONT CALIFORNIA, CA US","2015-05-29",,"68","87","49"
"USR0000CCLA","CLAREMONT CALIFORNIA, CA US","2015-05-30",,"71","87","57"
"USR0000CCLA","CLAREMONT CALIFORNIA, CA US","2015-05-31",,"66","80","52"
"USR0000CCLA","CLAREMONT CALIFORNIA, CA US","2015-06-01",,"65","81","51"
"USR0000CCLA","CLAREMONT CALIFORNIA, CA US","2015-06-02",,"66","79","52"
"USR0000CCLA","CLAREMONT CALIFORNIA, CA US","2015-06-03",,"62","74","53"
"USR0000CCLA","CLAREMONT CALIFORNIA, CA US","2015-06-04",,"60","70","55"
"USR0000CCLA","CLAREMONT CALIFORNIA, CA US","2015-06-05",,"61","75","50"
"USR0000CCLA","CLAREMONT CALIFORNIA, CA US","2015-06-06",,"63","78","51"
"USR0000CCLA","CLAREMONT CALIFORNIA, CA US","2015-06-07",,"72","91","52"
"USR0000CCLA","CLAREMONT CALIFORNIA, CA US","2015-06-08",,"82","101","62"
"USR0000CCLA","CLAREMONT CALIFORNIA, CA US","2015-06-09",,"77","83","65"
"USR0000CCLA","CLAREMONT CALIFORNIA, CA US","2015-06-10",,"68","77","61"
"USR0000CCLA","CLAREMONT CALIFORNIA, CA US","2015-06-11",,"65","77","58"
"USR0000CCLA","CLAREMONT CALIFORNIA, CA US","2015-06-12",,"65","73","56"
"USR0000CCLA","CLAREMONT CALIFORNIA, CA US","2015-06-13",,"64","77","58"
"USR0000CCLA","CLAREMONT CALIFORNIA, CA US","2015-06-14",,"68","85","55"
"USR0000CCLA","CLAREMONT CALIFORNIA, CA US","2015-06-15",,"72","92","55"
"USR0000CCLA","CLAREMONT CALIFORNIA, CA US","2015-06-16",,"74","90","57"
"USR0000CCLA","CLAREMONT CALIFORNIA, CA US","2015-06-17",,"75","92","55"
"USR0000CCLA","CLAREMONT CALIFORNIA, CA US","2015-06-18",,"76","94","57"
"USR0000CCLA","CLAREMONT CALIFORNIA, CA US","2015-06-19",,"80","94","62"
"USR0000CCLA","CLAREMONT CALIFORNIA, CA US","2015-06-20",,"78","93","62"
"USR0000CCLA","CLAREMONT CALIFORNIA, CA US","2015-06-21",,"74","87","61"
"USR0000CCLA","CLAREMONT CALIFORNIA, CA US","2015-06-22",,"77","90","60"
"USR0000CCLA","CLAREMONT CALIFORNIA, CA US","2015-06-23",,"76","92","60"
"USR0000CCLA","CLAREMONT CALIFORNIA, CA US","2015-06-24",,"77","92","60"
"USR0000CCLA","CLAREMONT CALIFORNIA, CA US","2015-06-25",,"76","93","61"
"USR0000CCLA","CLAREMONT CALIFORNIA, CA US","2015-06-26",,"77","95","62"
"USR0000CCLA","CLAREMONT CALIFORNIA, CA US","2015-06-27",,"74","89","62"
"USR0000CCLA","CLAREMONT CALIFORNIA, CA US","2015-06-28",,"83","100","69"
"USR0000CCLA","CLAREMONT CALIFORNIA, CA US","2015-06-29",,"81","95","69"
"USR0000CCLA","CLAREMONT CALIFORNIA, CA US","2015-06-30",,"81","95","70"
"USR0000CCLA","CLAREMONT CALIFORNIA, CA US","2015-07-01",,"78","87","69"
"USR0000CCLA","CLAREMONT CALIFORNIA, CA US","2015-07-02",,"77","90","65"
"USR0000CCLA","CLAREMONT CALIFORNIA, CA US","2015-07-03",,"74","90","61"
"USR0000CCLA","CLAREMONT CALIFORNIA, CA US","2015-07-04",,"71","84","59"
"USR0000CCLA","CLAREMONT CALIFORNIA, CA US","2015-07-05",,"67","82","56"
"USR0000CCLA","CLAREMONT CALIFORNIA, CA US","2015-07-06",,"69","83","58"
"USR0000CCLA","CLAREMONT CALIFORNIA, CA US","2015-07-07",,"68","82","57"
"USR0000CCLA","CLAREMONT CALIFORNIA, CA US","2015-07-08",,"67","77","60"
"USR0000CCLA","CLAREMONT CALIFORNIA, CA US","2015-07-09",,"66","74","57"
"USR0000CCLA","CLAREMONT CALIFORNIA, CA US","2015-07-10",,"66","78","54"
"USR0000CCLA","CLAREMONT CALIFORNIA, CA US","2015-07-11",,"69","84","54"
"USR0000CCLA","CLAREMONT CALIFORNIA, CA US","2015-07-12",,"72","89","57"
"USR0000CCLA","CLAREMONT CALIFORNIA, CA US","2015-07-13",,"74","89","58"
"USR0000CCLA","CLAREMONT CALIFORNIA, CA US","2015-07-14",,"73","88","58"
"USR0000CCLA","CLAREMONT CALIFORNIA, CA US","2015-07-15",,"71","89","54"
"USR0000CCLA","CLAREMONT CALIFORNIA, CA US","2015-07-16",,"71","89","54"
"USR0000CCLA","CLAREMONT CALIFORNIA, CA US","2015-07-17",,"76","94","59"
"USR0000CCLA","CLAREMONT CALIFORNIA, CA US","2015-07-18",,"71","83","65"
"USR0000CCLA","CLAREMONT CALIFORNIA, CA US","2015-07-19",,"76","91","66"
"USR0000CCLA","CLAREMONT CALIFORNIA, CA US","2015-07-20",,"74","85","66"
"USR0000CCLA","CLAREMONT CALIFORNIA, CA US","2015-07-21",,"72","81","66"
"USR0000CCLA","CLAREMONT CALIFORNIA, CA US","2015-07-22",,"72","83","64"
"USR0000CCLA","CLAREMONT CALIFORNIA, CA US","2015-07-23",,"71","85","59"
"USR0000CCLA","CLAREMONT CALIFORNIA, CA US","2015-07-24",,"75","91","62"
"USR0000CCLA","CLAREMONT CALIFORNIA, CA US","2015-07-25",,"77","91","62"
"USR0000CCLA","CLAREMONT CALIFORNIA, CA US","2015-07-26",,"74","88","59"
"USR0000CCLA","CLAREMONT CALIFORNIA, CA US","2015-07-27",,"71","84","57"
"USR0000CCLA","CLAREMONT CALIFORNIA, CA US","2015-07-28",,"74","92","59"
"USR0000CCLA","CLAREMONT CALIFORNIA, CA US","2015-07-29",,"76","93","61"
"USR0000CCLA","CLAREMONT CALIFORNIA, CA US","2015-07-30",,"79","92","68"
"USR0000CCLA","CLAREMONT CALIFORNIA, CA US","2015-07-31",,"78","94","64"
"USR0000CCLA","CLAREMONT CALIFORNIA, CA US","2015-08-01",,"74","91","60"
"USR0000CCLA","CLAREMONT CALIFORNIA, CA US","2015-08-02",,"74","89","61"
"USR0000CCLA","CLAREMONT CALIFORNIA, CA US","2015-08-03",,"74","89","61"
"USR0000CCLA","CLAREMONT CALIFORNIA, CA US","2015-08-04",,"78","93","63"
"USR0000CCLA","CLAREMONT CALIFORNIA, CA US","2015-08-05",,"81","96","67"
"USR0000CCLA","CLAREMONT CALIFORNIA, CA US","2015-08-06",,"76","85","64"
"USR0000CCLA","CLAREMONT CALIFORNIA, CA US","2015-08-07",,"70","83","58"
"USR0000CCLA","CLAREMONT CALIFORNIA, CA US","2015-08-08",,"69","85","57"
"USR0000CCLA","CLAREMONT CALIFORNIA, CA US","2015-08-09",,"67","83","54"
"USR0000CCLA","CLAREMONT CALIFORNIA, CA US","2015-08-10",,"67","85","54"
"USR0000CCLA","CLAREMONT CALIFORNIA, CA US","2015-08-11",,"69","85","56"
"USR0000CCLA","CLAREMONT CALIFORNIA, CA US","2015-08-12",,"77","97","57"
"USR0000CCLA","CLAREMONT CALIFORNIA, CA US","2015-08-13",,"83","99","69"
"USR0000CCLA","CLAREMONT CALIFORNIA, CA US","2015-08-14",,"85","101","70"
"USR0000CCLA","CLAREMONT CALIFORNIA, CA US","2015-08-15",,"87","103","71"
"USR0000CCLA","CLAREMONT CALIFORNIA, CA US","2015-08-16",,"87","102","72"
"USR0000CCLA","CLAREMONT CALIFORNIA, CA US","2015-08-17",,"78","90","65"
"USR0000CCLA","CLAREMONT CALIFORNIA, CA US","2015-08-18",,"74","88","61"
"USR0000CCLA","CLAREMONT CALIFORNIA, CA US","2015-08-19",,"72","88","60"
"USR0000CCLA","CLAREMONT CALIFORNIA, CA US","2015-08-20",,"71","86","58"
"USR0000CCLA","CLAREMONT CALIFORNIA, CA US","2015-08-21",,"71","86","59"
"USR0000CCLA","CLAREMONT CALIFORNIA, CA US","2015-08-22",,"71","88","58"
"USR0000CCLA","CLAREMONT CALIFORNIA, CA US","2015-08-23",,"74","92","60"
"USR0000CCLA","CLAREMONT CALIFORNIA, CA US","2015-08-24",,"78","96","62"
"USR0000CCLA","CLAREMONT CALIFORNIA, CA US","2015-08-25",,"79","88","70"
"USR0000CCLA","CLAREMONT CALIFORNIA, CA US","2015-08-26",,"83","97","71"
"USR0000CCLA","CLAREMONT CALIFORNIA, CA US","2015-08-27",,"83","99","69"
"USR0000CCLA","CLAREMONT CALIFORNIA, CA US","2015-08-28",,"85","102","73"
"USR0000CCLA","CLAREMONT CALIFORNIA, CA US","2015-08-29",,"83","98","70"
"USR0000CCLA","CLAREMONT CALIFORNIA, CA US","2015-08-30",,"78","91","65"
"USR0000CCLA","CLAREMONT CALIFORNIA, CA US","2015-08-31",,"73","87","60"
"USR0000CCLA","CLAREMONT CALIFORNIA, CA US","2015-09-01",,"71","86","58"
"USR0000CCLA","CLAREMONT CALIFORNIA, CA US","2015-09-02",,"71","85","57"
"USR0000CCLA","CLAREMONT CALIFORNIA, CA US","2015-09-03",,"67","83","54"
"USR0000CCLA","CLAREMONT CALIFORNIA, CA US","2015-09-04",,"68","82","57"
"USR0000CCLA","CLAREMONT CALIFORNIA, CA US","2015-09-05",,"69","86","53"
"USR0000CCLA","CLAREMONT CALIFORNIA, CA US","2015-09-06",,"76","94","59"
"USR0000CCLA","CLAREMONT CALIFORNIA, CA US","2015-09-07",,"82","97","68"
"USR0000CCLA","CLAREMONT CALIFORNIA, CA US","2015-09-08",,"86","102","71"
"USR0000CCLA","CLAREMONT CALIFORNIA, CA US","2015-09-09",,"87","105","76"
"USR0000CCLA","CLAREMONT CALIFORNIA, CA US","2015-09-10",,"84","97","73"
"USR0000CCLA","CLAREMONT CALIFORNIA, CA US","2015-09-11",,"83","97","70"
"USR0000CCLA","CLAREMONT CALIFORNIA, CA US","2015-09-12",,"78","87","69"
"USR0000CCLA","CLAREMONT CALIFORNIA, CA US","2015-09-13",,"77","91","65"
"USR0000CCLA","CLAREMONT CALIFORNIA, CA US","2015-09-14",,"71","82","61"
"USR0000CCLA","CLAREMONT CALIFORNIA, CA US","2015-09-15",,"69","76","65"
"USR0000CCLA","CLAREMONT CALIFORNIA, CA US","2015-09-16",,"67","78","58"
"USR0000CCLA","CLAREMONT CALIFORNIA, CA US","2015-09-17",,"68","82","57"
"USR0000CCLA","CLAREMONT CALIFORNIA, CA US","2015-09-18",,"74","93","57"
"USR0000CCLA","CLAREMONT CALIFORNIA, CA US","2015-09-19",,"80","96","63"
"USR0000CCLA","CLAREMONT CALIFORNIA, CA US","2015-09-20",,"84","102","67"
"USR0000CCLA","CLAREMONT CALIFORNIA, CA US","2015-09-21",,"76","89","66"
"USR0000CCLA","CLAREMONT CALIFORNIA, CA US","2015-09-22",,"73","87","63"
"USR0000CCLA","CLAREMONT CALIFORNIA, CA US","2015-09-23",,"75","92","62"
"USR0000CCLA","CLAREMONT CALIFORNIA, CA US","2015-09-24",,"80","97","66"
"USR0000CCLA","CLAREMONT CALIFORNIA, CA US","2015-09-25",,"81","96","66"
"USR0000CCLA","CLAREMONT CALIFORNIA, CA US","2015-09-26",,"80","96","68"
"USR0000CCLA","CLAREMONT CALIFORNIA, CA US","2015-09-27",,"78","96","65"
"USR0000CCLA","CLAREMONT CALIFORNIA, CA US","2015-09-28",,"75","91","63"
"USR0000CCLA","CLAREMONT CALIFORNIA, CA US","2015-09-29",,"74","88","59"
"USR0000CCLA","CLAREMONT CALIFORNIA, CA US","2015-09-30",,"76","92","61"
"USR0000CCLA","CLAREMONT CALIFORNIA, CA US","2015-10-01",,"72","86","60"
"USR0000CCLA","CLAREMONT CALIFORNIA, CA US","2015-10-02",,"69","82","57"
"USR0000CCLA","CLAREMONT CALIFORNIA, CA US","2015-10-03",,"70","83","58"
"USR0000CCLA","CLAREMONT CALIFORNIA, CA US","2015-10-04",,"62","70","57"
"USR0000CCLA","CLAREMONT CALIFORNIA, CA US","2015-10-05",,"62","74","53"
"USR0000CCLA","CLAREMONT CALIFORNIA, CA US","2015-10-06",,"64","77","52"
"USR0000CCLA","CLAREMONT CALIFORNIA, CA US","2015-10-07",,"69","85","57"
"USR0000CCLA","CLAREMONT CALIFORNIA, CA US","2015-10-08",,"78","94","62"
"USR0000CCLA","CLAREMONT CALIFORNIA, CA US","2015-10-09",,"84","101","69"
"USR0000CCLA","CLAREMONT CALIFORNIA, CA US","2015-10-10",,"83","98","70"
"USR0000CCLA","CLAREMONT CALIFORNIA, CA US","2015-10-11",,"82","98","71"
"USR0000CCLA","CLAREMONT CALIFORNIA, CA US","2015-10-12",,"80","93","68"
"USR0000CCLA","CLAREMONT CALIFORNIA, CA US","2015-10-13",,"78","92","68"
"USR0000CCLA","CLAREMONT CALIFORNIA, CA US","2015-10-14",,"76","88","66"
"USR0000CCLA","CLAREMONT CALIFORNIA, CA US","2015-10-15",,"71","82","62"
"USR0000CCLA","CLAREMONT CALIFORNIA, CA US","2015-10-16",,"67","77","60"
"USR0000CCLA","CLAREMONT CALIFORNIA, CA US","2015-10-17",,"70","81","62"
"USR0000CCLA","CLAREMONT CALIFORNIA, CA US","2015-10-18",,"67","78","60"
"USR0000CCLA","CLAREMONT CALIFORNIA, CA US","2015-10-19",,"63","72","56"
"USR0000CCLA","CLAREMONT CALIFORNIA, CA US","2015-10-20",,"64","77","52"
"USR0000CCLA","CLAREMONT CALIFORNIA, CA US","2015-10-21",,"67","83","55"
"USR0000CCLA","CLAREMONT CALIFORNIA, CA US","2015-10-22",,"66","79","55"
"USR0000CCLA","CLAREMONT CALIFORNIA, CA US","2015-10-23",,"68","85","53"
"USR0000CCLA","CLAREMONT CALIFORNIA, CA US","2015-10-24",,"72","88","57"
"USR0000CCLA","CLAREMONT CALIFORNIA, CA US","2015-10-25",,"70","82","61"
"USR0000CCLA","CLAREMONT CALIFORNIA, CA US","2015-10-26",,"71","89","57"
"USR0000CCLA","CLAREMONT CALIFORNIA, CA US","2015-10-27",,"70","84","57"
"USR0000CCLA","CLAREMONT CALIFORNIA, CA US","2015-10-28",,"68","81","57"
"USR0000CCLA","CLAREMONT CALIFORNIA, CA US","2015-10-29",,"66","81","55"
"USR0000CCLA","CLAREMONT CALIFORNIA, CA US","2015-10-30",,"68","84","55"
"USR0000CCLA","CLAREMONT CALIFORNIA, CA US","2015-10-31",,"72","88","59"
"USR0000CCLA","CLAREMONT CALIFORNIA, CA US","2015-11-01",,"70","86","58"
"USR0000CCLA","CLAREMONT CALIFORNIA, CA US","2015-11-02",,"61","73","52"
"USR0000CCLA","CLAREMONT CALIFORNIA, CA US","2015-11-03",,"52","64","43"
"USR0000CCLA","CLAREMONT CALIFORNIA, CA US","2015-11-04",,"52","65","41"
"USR0000CCLA","CLAREMONT CALIFORNIA, CA US","2015-11-05",,"54","69","41"
"USR0000CCLA","CLAREMONT CALIFORNIA, CA US","2015-11-06",,"58","75","44"
"USR0000CCLA","CLAREMONT CALIFORNIA, CA US","2015-11-07",,"60","78","48"
"USR0000CCLA","CLAREMONT CALIFORNIA, CA US","2015-11-08",,"58","75","45"
"USR0000CCLA","CLAREMONT CALIFORNIA, CA US","2015-11-09",,"54","66","47"
"USR0000CCLA","CLAREMONT CALIFORNIA, CA US","2015-11-10",,"51","63","42"
"USR0000CCLA","CLAREMONT CALIFORNIA, CA US","2015-11-11",,"55","72","41"
"USR0000CCLA","CLAREMONT CALIFORNIA, CA US","2015-11-12",,"56","75","40"
"USR0000CCLA","CLAREMONT CALIFORNIA, CA US","2015-11-13",,"61","79","46"
"USR0000CCLA","CLAREMONT CALIFORNIA, CA US","2015-11-14",,"60","79","48"
"USR0000CCLA","CLAREMONT CALIFORNIA, CA US","2015-11-15",,"54","66","46"
"USR0000CCLA","CLAREMONT CALIFORNIA, CA US","2015-11-16",,"51","63","42"
"USR0000CCLA","CLAREMONT CALIFORNIA, CA US","2015-11-17",,"55","72","39"
"USR0000CCLA","CLAREMONT CALIFORNIA, CA US","2015-11-18",,"61","79","46"
"USR0000CCLA","CLAREMONT CALIFORNIA, CA US","2015-11-19",,"64","83","49"
"USR0000CCLA","CLAREMONT CALIFORNIA, CA US","2015-11-20",,"67","85","51"
"USR0000CCLA","CLAREMONT CALIFORNIA, CA US","2015-11-21",,"67","85","54"
"USR0000CCLA","CLAREMONT CALIFORNIA, CA US","2015-11-22",,"65","85","50"
"USR0000CCLA","CLAREMONT CALIFORNIA, CA US","2015-11-23",,"62","79","50"
"USR0000CCLA","CLAREMONT CALIFORNIA, CA US","2015-11-24",,"54","69","46"
"USR0000CCLA","CLAREMONT CALIFORNIA, CA US","2015-11-30",,"52","65","41"
"USR0000CCLA","CLAREMONT CALIFORNIA, CA US","2015-12-01",,"52","69","39"
"USR0000CCLA","CLAREMONT CALIFORNIA, CA US","2015-12-02",,"58","78","42"
"USR0000CCLA","CLAREMONT CALIFORNIA, CA US","2015-12-03",,"60","76","46"
"USR0000CCLA","CLAREMONT CALIFORNIA, CA US","2015-12-04",,"52","63","44"
"USR0000CCLA","CLAREMONT CALIFORNIA, CA US","2015-12-05",,"56","78","42"
"USR0000CCLA","CLAREMONT CALIFORNIA, CA US","2015-12-06",,"61","79","51"
"USR0000CCLA","CLAREMONT CALIFORNIA, CA US","2015-12-07",,"62","80","49"
"USR0000CCLA","CLAREMONT CALIFORNIA, CA US","2015-12-08",,"64","82","51"
"USR0000CCLA","CLAREMONT CALIFORNIA, CA US","2015-12-09",,"64","78","54"
"USR0000CCLA","CLAREMONT CALIFORNIA, CA US","2015-12-10",,"58","69","49"
"USR0000CCLA","CLAREMONT CALIFORNIA, CA US","2015-12-11",,"49","58","40"
"USR0000CCLA","CLAREMONT CALIFORNIA, CA US","2015-12-12",,"49","63","40"
"USR0000CCLA","CLAREMONT CALIFORNIA, CA US","2015-12-13",,"51","62","41"
"USR0000CCLA","CLAREMONT CALIFORNIA, CA US","2015-12-14",,"45","56","37"
"USR0000CCLA","CLAREMONT CALIFORNIA, CA US","2015-12-15",,"44","56","34"
"USR0000CCLA","CLAREMONT CALIFORNIA, CA US","2015-12-16",,"45","58","35"
"USR0000CCLA","CLAREMONT CALIFORNIA, CA US","2015-12-17",,"49","65","37"
"USR0000CCLA","CLAREMONT CALIFORNIA, CA US","2015-12-18",,"54","71","40"
"USR0000CCLA","CLAREMONT CALIFORNIA, CA US","2015-12-19",,"51","60","42"
"USR0000CCLA","CLAREMONT CALIFORNIA, CA US","2015-12-20",,"48","59","41"
"USR0000CCLA","CLAREMONT CALIFORNIA, CA US","2015-12-21",,"49","57","39"
"USR0000CCLA","CLAREMONT CALIFORNIA, CA US","2015-12-22",,"53","55","48"
"USR0000CCLA","CLAREMONT CALIFORNIA, CA US","2015-12-23",,"54","62","45"
"USR0000CCLA","CLAREMONT CALIFORNIA, CA US","2015-12-24",,"49","57","43"
"USR0000CCLA","CLAREMONT CALIFORNIA, CA US","2015-12-25",,"45","56","37"
"USR0000CCLA","CLAREMONT CALIFORNIA, CA US","2015-12-26",,"45","57","35"
"USR0000CCLA","CLAREMONT CALIFORNIA, CA US","2015-12-27",,"43","57","33"
"USR0000CCLA","CLAREMONT CALIFORNIA, CA US","2015-12-28",,"40","52","32"
"USR0000CCLA","CLAREMONT CALIFORNIA, CA US","2015-12-29",,"44","57","33"
"USR0000CCLA","CLAREMONT CALIFORNIA, CA US","2015-12-30",,"46","60","36"
"USR0000CCLA","CLAREMONT CALIFORNIA, CA US","2015-12-31",,"46","62","35"
"USR0000CCLA","CLAREMONT CALIFORNIA, CA US","2016-01-01",,"46","62","33"
"USR0000CCLA","CLAREMONT CALIFORNIA, CA US","2016-01-02",,"51","67","39"
"USR0000CCLA","CLAREMONT CALIFORNIA, CA US","2016-01-03",,"52","64","44"
"USR0000CCLA","CLAREMONT CALIFORNIA, CA US","2016-01-04",,"55","65","49"
"USR0000CCLA","CLAREMONT CALIFORNIA, CA US","2016-01-05",,"50","52","47"
"USR0000CCLA","CLAREMONT CALIFORNIA, CA US","2016-01-06",,"45","49","42"
"USR0000CCLA","CLAREMONT CALIFORNIA, CA US","2016-01-07",,"46","54","40"
"USR0000CCLA","CLAREMONT CALIFORNIA, CA US","2016-01-08",,"46","58","35"
"USR0000CCLA","CLAREMONT CALIFORNIA, CA US","2016-01-09",,"47","54","39"
"USR0000CCLA","CLAREMONT CALIFORNIA, CA US","2016-01-10",,"49","57","44"
"USR0000CCLA","CLAREMONT CALIFORNIA, CA US","2016-01-11",,"50","60","41"
"USR0000CCLA","CLAREMONT CALIFORNIA, CA US","2016-01-12",,"50","67","38"
"USR0000CCLA","CLAREMONT CALIFORNIA, CA US","2016-01-13",,"49","63","41"
"USR0000CCLA","CLAREMONT CALIFORNIA, CA US","2016-01-14",,"49","59","40"
"USR0000CCLA","CLAREMONT CALIFORNIA, CA US","2016-01-15",,"49","57","43"
"USR0000CCLA","CLAREMONT CALIFORNIA, CA US","2016-01-16",,"51","62","44"
"USR0000CCLA","CLAREMONT CALIFORNIA, CA US","2016-01-17",,"56","69","45"
"USR0000CCLA","CLAREMONT CALIFORNIA, CA US","2016-01-18",,"52","58","46"
"USR0000CCLA","CLAREMONT CALIFORNIA, CA US","2016-01-19",,"54","63","46"
"USR0000CCLA","CLAREMONT CALIFORNIA, CA US","2016-01-20",,"56","64","50"
"USR0000CCLA","CLAREMONT CALIFORNIA, CA US","2016-01-21",,"58","75","45"
"USR0000CCLA","CLAREMONT CALIFORNIA, CA US","2016-01-22",,"56","69","47"
"USR0000CCLA","CLAREMONT CALIFORNIA, CA US","2016-01-23",,"52","61","46"
"USR0000CCLA","CLAREMONT CALIFORNIA, CA US","2016-01-24",,"51","63","43"
"USR0000CCLA","CLAREMONT CALIFORNIA, CA US","2016-01-25",,"54","68","41"
"USR0000CCLA","CLAREMONT CALIFORNIA, CA US","2016-01-26",,"56","70","46"
"USR0000CCLA","CLAREMONT CALIFORNIA, CA US","2016-01-27",,"55","69","43"
"USR0000CCLA","CLAREMONT CALIFORNIA, CA US","2016-01-28",,"58","74","45"
"USR0000CCLA","CLAREMONT CALIFORNIA, CA US","2016-01-29",,"58","70","49"
"USR0000CCLA","CLAREMONT CALIFORNIA, CA US","2016-01-30",,"53","59","46"
"USR0000CCLA","CLAREMONT CALIFORNIA, CA US","2016-01-31",,"48","53","40"
"USR0000CCLA","CLAREMONT CALIFORNIA, CA US","2016-02-01",,"44","56","34"
"USR0000CCLA","CLAREMONT CALIFORNIA, CA US","2016-02-02",,"44","56","33"
"USR0000CCLA","CLAREMONT CALIFORNIA, CA US","2016-02-03",,"47","61","36"
"USR0000CCLA","CLAREMONT CALIFORNIA, CA US","2016-02-04",,"51","67","37"
"USR0000CCLA","CLAREMONT CALIFORNIA, CA US","2016-02-05",,"56","73","42"
"USR0000CCLA","CLAREMONT CALIFORNIA, CA US","2016-02-06",,"58","75","44"
"USR0000CCLA","CLAREMONT CALIFORNIA, CA US","2016-02-07",,"65","83","49"
"USR0000CCLA","CLAREMONT CALIFORNIA, CA US","2016-02-08",,"68","85","56"
"USR0000CCLA","CLAREMONT CALIFORNIA, CA US","2016-02-09",,"67","85","53"
"USR0000CCLA","CLAREMONT CALIFORNIA, CA US","2016-02-10",,"68","86","56"
"USR0000CCLA","CLAREMONT CALIFORNIA, CA US","2016-02-11",,"67","85","52"
"USR0000CCLA","CLAREMONT CALIFORNIA, CA US","2016-02-12",,"67","85","55"
"USR0000CCLA","CLAREMONT CALIFORNIA, CA US","2016-02-13",,"65","81","53"
"USR0000CCLA","CLAREMONT CALIFORNIA, CA US","2016-02-14",,"69","85","52"
"USR0000CCLA","CLAREMONT CALIFORNIA, CA US","2016-02-15",,"71","87","56"
"USR0000CCLA","CLAREMONT CALIFORNIA, CA US","2016-02-16",,"70","89","58"
"USR0000CCLA","CLAREMONT CALIFORNIA, CA US","2016-02-17",,"60","76","51"
"USR0000CCLA","CLAREMONT CALIFORNIA, CA US","2016-02-18",,"55","67","49"
"USR0000CCLA","CLAREMONT CALIFORNIA, CA US","2016-02-19",,"56","68","47"
"USR0000CCLA","CLAREMONT CALIFORNIA, CA US","2016-02-22",,"70","79","58"
"USR0000CCLA","CLAREMONT CALIFORNIA, CA US","2016-02-23",,"64","80","52"
"USR0000CCLA","CLAREMONT CALIFORNIA, CA US","2016-02-24",,"62","79","48"
"USR0000CCLA","CLAREMONT CALIFORNIA, CA US","2016-02-25",,"64","82","49"
"USR0000CCLA","CLAREMONT CALIFORNIA, CA US","2016-02-26",,"64","79","52"
"USR0000CCLA","CLAREMONT CALIFORNIA, CA US","2016-02-27",,"62","76","50"
"USR0000CCLA","CLAREMONT CALIFORNIA, CA US","2016-02-28",,"63","78","52"
"USR0000CCLA","CLAREMONT CALIFORNIA, CA US","2016-02-29",,"65","80","54"
"USR0000CCLA","CLAREMONT CALIFORNIA, CA US","2016-03-01",,"66","81","55"
"USR0000CCLA","CLAREMONT CALIFORNIA, CA US","2016-03-02",,"62","75","51"
"USR0000CCLA","CLAREMONT CALIFORNIA, CA US","2016-03-03",,"61","75","50"
"USR0000CCLA","CLAREMONT CALIFORNIA, CA US","2016-03-04",,"56","70","46"
"USR0000CCLA","CLAREMONT CALIFORNIA, CA US","2016-03-05",,"57","64","51"
"USR0000CCLA","CLAREMONT CALIFORNIA, CA US","2016-03-06",,"54","63","47"
"USR0000CCLA","CLAREMONT CALIFORNIA, CA US","2016-03-07",,"46","53","40"
"USR0000CCLA","CLAREMONT CALIFORNIA, CA US","2016-03-08",,"53","67","40"
"USR0000CCLA","CLAREMONT CALIFORNIA, CA US","2016-03-09",,"58","72","45"
"USR0000CCLA","CLAREMONT CALIFORNIA, CA US","2016-03-10",,"63","77","52"
"USR0000CCLA","CLAREMONT CALIFORNIA, CA US","2016-03-11",,"53","66","45"
"USR0000CCLA","CLAREMONT CALIFORNIA, CA US","2016-03-12",,"51","64","39"
"USR0000CCLA","CLAREMONT CALIFORNIA, CA US","2016-03-13",,"52","60","43"
"USR0000CCLA","CLAREMONT CALIFORNIA, CA US","2016-03-14",,"56","66","50"
"USR0000CCLA","CLAREMONT CALIFORNIA, CA US","2016-03-15",,"62","80","47"
"USR0000CCLA","CLAREMONT CALIFORNIA, CA US","2016-03-16",,"67","86","52"
"USR0000CCLA","CLAREMONT CALIFORNIA, CA US","2016-03-17",,"66","79","54"
"USR0000CCLA","CLAREMONT CALIFORNIA, CA US","2016-03-18",,"61","76","49"
"USR0000CCLA","CLAREMONT CALIFORNIA, CA US","2016-03-19",,"60","74","48"
"USR0000CCLA","CLAREMONT CALIFORNIA, CA US","2016-03-20",,"60","75","49"
"USR0000CCLA","CLAREMONT CALIFORNIA, CA US","2016-03-21",,"57","68","48"
"USR0000CCLA","CLAREMONT CALIFORNIA, CA US","2016-03-22",,"57","69","48"
"USR0000CCLA","CLAREMONT CALIFORNIA, CA US","2016-03-23",,"59","75","43"
"USR0000CCLA","CLAREMONT CALIFORNIA, CA US","2016-03-24",,"63","79","48"
"USR0000CCLA","CLAREMONT CALIFORNIA, CA US","2016-03-25",,"63","78","51"
"USR0000CCLA","CLAREMONT CALIFORNIA, CA US","2016-03-26",,"61","78","47"
"USR0000CCLA","CLAREMONT CALIFORNIA, CA US","2016-03-27",,"60","74","50"
"USR0000CCLA","CLAREMONT CALIFORNIA, CA US","2016-03-28",,"53","59","44"
"USR0000CCLA","CLAREMONT CALIFORNIA, CA US","2016-03-29",,"48","59","39"
"USR0000CCLA","CLAREMONT CALIFORNIA, CA US","2016-03-30",,"50","61","41"
"USR0000CCLA","CLAREMONT CALIFORNIA, CA US","2016-03-31",,"55","69","42"
"USR0000CCLA","CLAREMONT CALIFORNIA, CA US","2016-04-01",,"59","75","44"
"USR0000CCLA","CLAREMONT CALIFORNIA, CA US","2016-04-02",,"65","81","50"
"USR0000CCLA","CLAREMONT CALIFORNIA, CA US","2016-04-03",,"67","82","53"
"USR0000CCLA","CLAREMONT CALIFORNIA, CA US","2016-04-04",,"67","81","53"
"USR0000CCLA","CLAREMONT CALIFORNIA, CA US","2016-04-05",,"70","89","54"
"USR0000CCLA","CLAREMONT CALIFORNIA, CA US","2016-04-06",,"71","94","58"
"USR0000CCLA","CLAREMONT CALIFORNIA, CA US","2016-04-07",,"60","68","55"
"USR0000CCLA","CLAREMONT CALIFORNIA, CA US","2016-04-08",,"56","59","54"
"USR0000CCLA","CLAREMONT CALIFORNIA, CA US","2016-04-09",,"55","60","51"
"USR0000CCLA","CLAREMONT CALIFORNIA, CA US","2016-04-10",,"55","62","51"
"USR0000CCLA","CLAREMONT CALIFORNIA, CA US","2016-04-11",,"59","70","51"
"USR0000CCLA","CLAREMONT CALIFORNIA, CA US","2016-04-12",,"60","72","49"
"USR0000CCLA","CLAREMONT CALIFORNIA, CA US","2016-04-13",,"59","72","48"
"USR0000CCLA","CLAREMONT CALIFORNIA, CA US","2016-04-14",,"57","69","50"
"USR0000CCLA","CLAREMONT CALIFORNIA, CA US","2016-04-15",,"61","76","47"
"USR0000CCLA","CLAREMONT CALIFORNIA, CA US","2016-04-16",,"65","81","50"
"USR0000CCLA","CLAREMONT CALIFORNIA, CA US","2016-04-17",,"71","87","56"
"USR0000CCLA","CLAREMONT CALIFORNIA, CA US","2016-04-18",,"71","87","56"
"USR0000CCLA","CLAREMONT CALIFORNIA, CA US","2016-04-19",,"72","86","59"
"USR0000CCLA","CLAREMONT CALIFORNIA, CA US","2016-04-20",,"70","86","56"
"USR0000CCLA","CLAREMONT CALIFORNIA, CA US","2016-04-21",,"67","83","53"
"USR0000CCLA","CLAREMONT CALIFORNIA, CA US","2016-04-22",,"61","74","50"
"USR0000CCLA","CLAREMONT CALIFORNIA, CA US","2016-04-23",,"61","76","50"
"USR0000CCLA","CLAREMONT CALIFORNIA, CA US","2016-04-24",,"62","73","50"
"USR0000CCLA","CLAREMONT CALIFORNIA, CA US","2016-04-25",,"53","64","43"
"USR0000CCLA","CLAREMONT CALIFORNIA, CA US","2016-04-26",,"55","69","41"
"USR0000CCLA","CLAREMONT CALIFORNIA, CA US","2016-04-27",,"57","68","47"
"USR0000CCLA","CLAREMONT CALIFORNIA, CA US","2016-04-28",,"55","63","48"
"USR0000CCLA","CLAREMONT CALIFORNIA, CA US","2016-04-29",,"56","68","43"
"USR0000CCLA","CLAREMONT CALIFORNIA, CA US","2016-04-30",,"56","65","50"
"USR0000CCLA","CLAREMONT CALIFORNIA, CA US","2016-05-01",,"60","73","47"
"USR0000CCLA","CLAREMONT CALIFORNIA, CA US","2016-05-02",,"65","83","51"
"USR0000CCLA","CLAREMONT CALIFORNIA, CA US","2016-05-03",,"69","85","54"
"USR0000CCLA","CLAREMONT CALIFORNIA, CA US","2016-05-04",,"61","75","51"
"USR0000CCLA","CLAREMONT CALIFORNIA, CA US","2016-05-05",,"56","62","51"
"USR0000CCLA","CLAREMONT CALIFORNIA, CA US","2016-05-06",,"54","63","48"
"USR0000CCLA","CLAREMONT CALIFORNIA, CA US","2016-05-07",,"56","64","47"
"USR0000CCLA","CLAREMONT CALIFORNIA, CA US","2016-05-08",,"56","64","47"
"USR0000CCLA","CLAREMONT CALIFORNIA, CA US","2016-05-09",,"58","68","49"
"USR0000CCLA","CLAREMONT CALIFORNIA, CA US","2016-05-10",,"60","71","49"
"USR0000CCLA","CLAREMONT CALIFORNIA, CA US","2016-05-11",,"64","80","53"
"USR0000CCLA","CLAREMONT CALIFORNIA, CA US","2016-05-12",,"70","87","56"
"USR0000CCLA","CLAREMONT CALIFORNIA, CA US","2016-05-13",,"68","86","55"
"USR0000CCLA","CLAREMONT CALIFORNIA, CA US","2016-05-14",,"62","73","56"
"USR0000CCLA","CLAREMONT CALIFORNIA, CA US","2016-05-15",,"58","62","55"
"USR0000CCLA","CLAREMONT CALIFORNIA, CA US","2016-05-16",,"59","64","55"
"USR0000CCLA","CLAREMONT CALIFORNIA, CA US","2016-05-17",,"62","74","54"
"USR0000CCLA","CLAREMONT CALIFORNIA, CA US","2016-05-18",,"64","78","52"
"USR0000CCLA","CLAREMONT CALIFORNIA, CA US","2016-05-19",,"63","74","53"
"USR0000CCLA","CLAREMONT CALIFORNIA, CA US","2016-05-20",,"59","67","50"
"USR0000CCLA","CLAREMONT CALIFORNIA, CA US","2016-05-21",,"56","67","48"
"USR0000CCLA","CLAREMONT CALIFORNIA, CA US","2016-05-22",,"58","71","46"
"USR0000CCLA","CLAREMONT CALIFORNIA, CA US","2016-05-23",,"58","69","47"
"USR0000CCLA","CLAREMONT CALIFORNIA, CA US","2016-05-24",,"58","68","53"
"USR0000CCLA","CLAREMONT CALIFORNIA, CA US","2016-05-25",,"56","62","49"
"USR0000CCLA","CLAREMONT CALIFORNIA, CA US","2016-05-26",,"60","73","46"
"USR0000CCLA","CLAREMONT CALIFORNIA, CA US","2016-05-27",,"62","79","48"
"USR0000CCLA","CLAREMONT CALIFORNIA, CA US","2016-05-28",,"62","75","50"
"USR0000CCLA","CLAREMONT CALIFORNIA, CA US","2016-05-29",,"60","72","52"
"USR0000CCLA","CLAREMONT CALIFORNIA, CA US","2016-05-30",,"62","76","50"
"USR0000CCLA","CLAREMONT CALIFORNIA, CA US","2016-05-31",,"63","76","53"
"USR0000CCLA","CLAREMONT CALIFORNIA, CA US","2016-06-01",,"65","80","54"
"USR0000CCLA","CLAREMONT CALIFORNIA, CA US","2016-06-02",,"74","93","55"
"USR0000CCLA","CLAREMONT CALIFORNIA, CA US","2016-06-03",,"81","99","64"
"USR0000CCLA","CLAREMONT CALIFORNIA, CA US","2016-06-04",,"80","93","65"
"USR0000CCLA","CLAREMONT CALIFORNIA, CA US","2016-06-05",,"71","84","59"
"USR0000CCLA","CLAREMONT CALIFORNIA, CA US","2016-06-06",,"65","81","51"
"USR0000CCLA","CLAREMONT CALIFORNIA, CA US","2016-06-07",,"65","81","51"
"USR0000CCLA","CLAREMONT CALIFORNIA, CA US","2016-06-08",,"68","84","54"
"USR0000CCLA","CLAREMONT CALIFORNIA, CA US","2016-06-09",,"66","78","57"
"USR0000CCLA","CLAREMONT CALIFORNIA, CA US","2016-06-10",,"68","84","56"
"USR0000CCLA","CLAREMONT CALIFORNIA, CA US","2016-06-11",,"59","65","55"
"USR0000CCLA","CLAREMONT CALIFORNIA, CA US","2016-06-12",,"62","73","57"
"USR0000CCLA","CLAREMONT CALIFORNIA, CA US","2016-06-13",,"61","72","53"
"USR0000CCLA","CLAREMONT CALIFORNIA, CA US","2016-06-14",,"62","75","51"
"USR0000CCLA","CLAREMONT CALIFORNIA, CA US","2016-06-15",,"62","74","53"
"USR0000CCLA","CLAREMONT CALIFORNIA, CA US","2016-06-16",,"65","79","52"
"USR0000CCLA","CLAREMONT CALIFORNIA, CA US","2016-06-17",,"73","89","57"
"USR0000CCLA","CLAREMONT CALIFORNIA, CA US","2016-06-18",,"78","95","61"
"USR0000CCLA","CLAREMONT CALIFORNIA, CA US","2016-06-19",,"88","106","69"
"USR0000CCLA","CLAREMONT CALIFORNIA, CA US","2016-06-20",,"91","107","71"
"USR0000CCLA","CLAREMONT CALIFORNIA, CA US","2016-06-21",,"78","92","67"
"USR0000CCLA","CLAREMONT CALIFORNIA, CA US","2016-06-22",,"75","90","62"
"USR0000CCLA","CLAREMONT CALIFORNIA, CA US","2016-06-23",,"73","87","59"
"USR0000CCLA","CLAREMONT CALIFORNIA, CA US","2016-06-24",,"71","84","60"
"USR0000CCLA","CLAREMONT CALIFORNIA, CA US","2016-06-25",,"73","91","58"
"USR0000CCLA","CLAREMONT CALIFORNIA, CA US","2016-06-26",,"79","96","65"
"USR0000CCLA","CLAREMONT CALIFORNIA, CA US","2016-06-27",,"82","99","71"
"USR0000CCLA","CLAREMONT CALIFORNIA, CA US","2016-06-28",,"79","93","70"
"USR0000CCLA","CLAREMONT CALIFORNIA, CA US","2016-06-29",,"80","95","66"
"USR0000CCLA","CLAREMONT CALIFORNIA, CA US","2016-06-30",,"76","90","62"
"USR0000CCLA","CLAREMONT CALIFORNIA, CA US","2016-07-01",,"72","87","59"
"USR0000CCLA","CLAREMONT CALIFORNIA, CA US","2016-07-02",,"70","87","56"
"USR0000CCLA","CLAREMONT CALIFORNIA, CA US","2016-07-03",,"67","82","55"
"USR0000CCLA","CLAREMONT CALIFORNIA, CA US","2016-07-04",,"68","84","54"
"USR0000CCLA","CLAREMONT CALIFORNIA, CA US","2016-07-05",,"68","85","57"
"USR0000CCLA","CLAREMONT CALIFORNIA, CA US","2016-07-06",,"68","83","57"
"USR0000CCLA","CLAREMONT CALIFORNIA, CA US","2016-07-07",,"69","86","55"
"USR0000CCLA","CLAREMONT CALIFORNIA, CA US","2016-07-08",,"71","88","57"
"USR0000CCLA","CLAREMONT CALIFORNIA, CA US","2016-07-09",,"74","90","61"
"USR0000CCLA","CLAREMONT CALIFORNIA, CA US","2016-07-10",,"73","88","61"
"USR0000CCLA","CLAREMONT CALIFORNIA, CA US","2016-07-11",,"71","86","58"
"USR0000CCLA","CLAREMONT CALIFORNIA, CA US","2016-07-12",,"70","86","57"
"USR0000CCLA","CLAREMONT CALIFORNIA, CA US","2016-07-13",,"74","92","60"
"USR0000CCLA","CLAREMONT CALIFORNIA, CA US","2016-07-14",,"76","91","59"
"USR0000CCLA","CLAREMONT CALIFORNIA, CA US","2016-07-15",,"74","90","61"
"USR0000CCLA","CLAREMONT CALIFORNIA, CA US","2016-07-16",,"72","89","55"
"USR0000CCLA","CLAREMONT CALIFORNIA, CA US","2016-07-17",,"73","90","58"
"USR0000CCLA","CLAREMONT CALIFORNIA, CA US","2016-07-18",,"74","91","59"
"USR0000CCLA","CLAREMONT CALIFORNIA, CA US","2016-07-19",,"78","95","62"
"USR0000CCLA","CLAREMONT CALIFORNIA, CA US","2016-07-20",,"82","99","66"
"USR0000CCLA","CLAREMONT CALIFORNIA, CA US","2016-07-21",,"85","100","70"
"USR0000CCLA","CLAREMONT CALIFORNIA, CA US","2016-07-22",,"87","103","70"
"USR0000CCLA","CLAREMONT CALIFORNIA, CA US","2016-07-23",,"86","105","73"
"USR0000CCLA","CLAREMONT CALIFORNIA, CA US","2016-07-24",,"81","94","69"
"USR0000CCLA","CLAREMONT CALIFORNIA, CA US","2016-07-25",,"81","99","67"
"USR0000CCLA","CLAREMONT CALIFORNIA, CA US","2016-07-26",,"82","98","70"
"USR0000CCLA","CLAREMONT CALIFORNIA, CA US","2016-07-27",,"82","96","71"
"USR0000CCLA","CLAREMONT CALIFORNIA, CA US","2016-07-28",,"81","94","70"
"USR0000CCLA","CLAREMONT CALIFORNIA, CA US","2016-07-29",,"83","97","70"
"USR0000CCLA","CLAREMONT CALIFORNIA, CA US","2016-07-30",,"80","90","67"
"USR0000CCLA","CLAREMONT CALIFORNIA, CA US","2016-07-31",,"76","90","65"
"USR0000CCLA","CLAREMONT CALIFORNIA, CA US","2016-08-01",,"76","90","64"
"USR0000CCLA","CLAREMONT CALIFORNIA, CA US","2016-08-02",,"75","91","63"
"USR0000CCLA","CLAREMONT CALIFORNIA, CA US","2016-08-03",,"74","88","60"
"USR0000CCLA","CLAREMONT CALIFORNIA, CA US","2016-08-04",,"73","89","60"
"USR0000CCLA","CLAREMONT CALIFORNIA, CA US","2016-08-05",,"71","86","59"
"USR0000CCLA","CLAREMONT CALIFORNIA, CA US","2016-08-06",,"70","86","57"
"USR0000CCLA","CLAREMONT CALIFORNIA, CA US","2016-08-07",,"71","87","58"
"USR0000CCLA","CLAREMONT CALIFORNIA, CA US","2016-08-08",,"69","85","57"
"USR0000CCLA","CLAREMONT CALIFORNIA, CA US","2016-08-09",,"70","85","56"
"USR0000CCLA","CLAREMONT CALIFORNIA, CA US","2016-08-10",,"71","88","57"
"USR0000CCLA","CLAREMONT CALIFORNIA, CA US","2016-08-11",,"70","88","57"
"USR0000CCLA","CLAREMONT CALIFORNIA, CA US","2016-08-12",,"73","89","61"
"USR0000CCLA","CLAREMONT CALIFORNIA, CA US","2016-08-13",,"78","93","65"
"USR0000CCLA","CLAREMONT CALIFORNIA, CA US","2016-08-14",,"81","96","68"
"USR0000CCLA","CLAREMONT CALIFORNIA, CA US","2016-08-15",,"84","101","70"
"USR0000CCLA","CLAREMONT CALIFORNIA, CA US","2016-08-16",,"82","99","66"
"USR0000CCLA","CLAREMONT CALIFORNIA, CA US","2016-08-17",,"81","96","65"
"USR0000CCLA","CLAREMONT CALIFORNIA, CA US","2016-08-18",,"78","95","64"
"USR0000CCLA","CLAREMONT CALIFORNIA, CA US","2016-08-19",,"75","91","61"
"USR0000CCLA","CLAREMONT CALIFORNIA, CA US","2016-08-20",,"73","86","63"
"USR0000CCLA","CLAREMONT CALIFORNIA, CA US","2016-08-21",,"76","89","64"
"USR0000CCLA","CLAREMONT CALIFORNIA, CA US","2016-08-22",,"74","89","63"
"USR0000CCLA","CLAREMONT CALIFORNIA, CA US","2016-08-23",,"74","87","64"
"USR0000CCLA","CLAREMONT CALIFORNIA, CA US","2016-08-24",,"75","89","64"
"USR0000CCLA","CLAREMONT CALIFORNIA, CA US","2016-08-25",,"71","85","58"
"USR0000CCLA","CLAREMONT CALIFORNIA, CA US","2016-08-26",,"65","80","55"
"USR0000CCLA","CLAREMONT CALIFORNIA, CA US","2016-08-27",,"66","80","54"
"USR0000CCLA","CLAREMONT CALIFORNIA, CA US","2016-08-28",,"73","90","60"
"USR0000CCLA","CLAREMONT CALIFORNIA, CA US","2016-08-29",,"79","96","65"
"USR0000CCLA","CLAREMONT CALIFORNIA, CA US","2016-08-30",,"80","95","68"
"USR0000CCLA","CLAREMONT CALIFORNIA, CA US","2016-08-31",,"81","97","69"
"USR0000CCLA","CLAREMONT CALIFORNIA, CA US","2016-09-01",,"74","89","59"
"USR0000CCLA","CLAREMONT CALIFORNIA, CA US","2016-09-02",,"69","85","56"
"USR0000CCLA","CLAREMONT CALIFORNIA, CA US","2016-09-03",,"66","79","56"
"USR0000CCLA","CLAREMONT CALIFORNIA, CA US","2016-09-04",,"65","77","57"
"USR0000CCLA","CLAREMONT CALIFORNIA, CA US","2016-09-05",,"65","77","56"
"USR0000CCLA","CLAREMONT CALIFORNIA, CA US","2016-09-06",,"67","86","54"
"USR0000CCLA","CLAREMONT CALIFORNIA, CA US","2016-09-07",,"70","84","59"
"USR0000CCLA","CLAREMONT CALIFORNIA, CA US","2016-09-08",,"67","82","55"
"USR0000CCLA","CLAREMONT CALIFORNIA, CA US","2016-09-09",,"70","87","56"
"USR0000CCLA","CLAREMONT CALIFORNIA, CA US","2016-09-10",,"74","90","63"
"USR0000CCLA","CLAREMONT CALIFORNIA, CA US","2016-09-11",,"72","86","56"
"USR0000CCLA","CLAREMONT CALIFORNIA, CA US","2016-09-12",,"63","76","51"
"USR0000CCLA","CLAREMONT CALIFORNIA, CA US","2016-09-13",,"60","67","51"
"USR0000CCLA","CLAREMONT CALIFORNIA, CA US","2016-09-14",,"62","77","50"
"USR0000CCLA","CLAREMONT CALIFORNIA, CA US","2016-09-15",,"66","81","52"
"USR0000CCLA","CLAREMONT CALIFORNIA, CA US","2016-09-16",,"68","83","54"
"USR0000CCLA","CLAREMONT CALIFORNIA, CA US","2016-09-17",,"73","91","57"
"USR0000CCLA","CLAREMONT CALIFORNIA, CA US","2016-09-18",,"82","103","65"
"USR0000CCLA","CLAREMONT CALIFORNIA, CA US","2016-09-19",,"79","97","70"
"USR0000CCLA","CLAREMONT CALIFORNIA, CA US","2016-09-20",,"76","85","68"
"USR0000CCLA","CLAREMONT CALIFORNIA, CA US","2016-09-21",,"73","83","65"
"USR0000CCLA","CLAREMONT CALIFORNIA, CA US","2016-09-22",,"65","75","52"
"USR0000CCLA","CLAREMONT CALIFORNIA, CA US","2016-09-23",,"65","81","51"
"USR0000CCLA","CLAREMONT CALIFORNIA, CA US","2016-09-24",,"75","91","59"
"USR0000CCLA","CLAREMONT CALIFORNIA, CA US","2016-09-25",,"81","97","67"
"USR0000CCLA","CLAREMONT CALIFORNIA, CA US","2016-09-26",,"83","101","69"
"USR0000CCLA","CLAREMONT CALIFORNIA, CA US","2016-09-27",,"80","95","69"
"USR0000CCLA","CLAREMONT CALIFORNIA, CA US","2016-09-28",,"76","92","65"
"USR0000CCLA","CLAREMONT CALIFORNIA, CA US","2016-09-29",,"78","93","66"
"USR0000CCLA","CLAREMONT CALIFORNIA, CA US","2016-09-30",,"77","90","66"
"USR0000CCLA","CLAREMONT CALIFORNIA, CA US","2016-10-01",,"73","86","61"
"USR0000CCLA","CLAREMONT CALIFORNIA, CA US","2016-10-02",,"65","77","54"
"USR0000CCLA","CLAREMONT CALIFORNIA, CA US","2016-10-03",,"62","74","53"
"USR0000CCLA","CLAREMONT CALIFORNIA, CA US","2016-10-04",,"62","76","51"
"USR0000CCLA","CLAREMONT CALIFORNIA, CA US","2016-10-05",,"62","74","54"
"USR0000CCLA","CLAREMONT CALIFORNIA, CA US","2016-10-06",,"68","87","52"
"USR0000CCLA","CLAREMONT CALIFORNIA, CA US","2016-10-07",,"74","91","59"
"USR0000CCLA","CLAREMONT CALIFORNIA, CA US","2016-10-08",,"75","92","61"
"USR0000CCLA","CLAREMONT CALIFORNIA, CA US","2016-10-09",,"75","91","61"
"USR0000CCLA","CLAREMONT CALIFORNIA, CA US","2016-10-10",,"72","87","59"
"USR0000CCLA","CLAREMONT CALIFORNIA, CA US","2016-10-11",,"63","74","55"
"USR0000CCLA","CLAREMONT CALIFORNIA, CA US","2016-10-12",,"58","70","50"
"USR0000CCLA","CLAREMONT CALIFORNIA, CA US","2016-10-13",,"63","79","51"
"USR0000CCLA","CLAREMONT CALIFORNIA, CA US","2016-10-14",,"63","77","52"
"USR0000CCLA","CLAREMONT CALIFORNIA, CA US","2016-10-15",,"63","76","52"
"USR0000CCLA","CLAREMONT CALIFORNIA, CA US","2016-10-16",,"64","73","58"
"USR0000CCLA","CLAREMONT CALIFORNIA, CA US","2016-10-17",,"61","69","54"
"USR0000CCLA","CLAREMONT CALIFORNIA, CA US","2016-10-18",,"62","75","52"
"USR0000CCLA","CLAREMONT CALIFORNIA, CA US","2016-10-19",,"72","90","55"
"USR0000CCLA","CLAREMONT CALIFORNIA, CA US","2016-10-20",,"75","94","59"
"USR0000CCLA","CLAREMONT CALIFORNIA, CA US","2016-10-21",,"75","92","61"
"USR0000CCLA","CLAREMONT CALIFORNIA, CA US","2016-10-22",,"71","87","59"
"USR0000CCLA","CLAREMONT CALIFORNIA, CA US","2016-10-23",,"67","81","60"
"USR0000CCLA","CLAREMONT CALIFORNIA, CA US","2016-10-24",,"63","70","58"
"USR0000CCLA","CLAREMONT CALIFORNIA, CA US","2016-10-25",,"63","75","53"
"USR0000CCLA","CLAREMONT CALIFORNIA, CA US","2016-10-26",,"67","79","56"
"USR0000CCLA","CLAREMONT CALIFORNIA, CA US","2016-10-27",,"70","82","60"
"USR0000CCLA","CLAREMONT CALIFORNIA, CA US","2016-10-28",,"67","76","60"
"USR0000CCLA","CLAREMONT CALIFORNIA, CA US","2016-10-29",,"71","82","59"
"USR0000CCLA","CLAREMONT CALIFORNIA, CA US","2016-10-30",,"62","67","58"
"USR0000CCLA","CLAREMONT CALIFORNIA, CA US","2016-10-31",,"58","67","50"
"USR0000CCLA","CLAREMONT CALIFORNIA, CA US","2016-11-01",,"56","67","51"
"USR0000CCLA","CLAREMONT CALIFORNIA, CA US","2016-11-02",,"63","78","49"
"USR0000CCLA","CLAREMONT CALIFORNIA, CA US","2016-11-03",,"70","86","60"
"USR0000CCLA","CLAREMONT CALIFORNIA, CA US","2016-11-04",,"69","83","59"
"USR0000CCLA","CLAREMONT CALIFORNIA, CA US","2016-11-05",,"68","82","58"
"USR0000CCLA","CLAREMONT CALIFORNIA, CA US","2016-11-06",,"64","79","54"
"USR0000CCLA","CLAREMONT CALIFORNIA, CA US","2016-11-07",,"68","84","56"
"USR0000CCLA","CLAREMONT CALIFORNIA, CA US","2016-11-08",,"73","91","60"
"USR0000CCLA","CLAREMONT CALIFORNIA, CA US","2016-11-09",,"76","90","65"
"USR0000CCLA","CLAREMONT CALIFORNIA, CA US","2016-11-10",,"73","88","61"
"USR0000CCLA","CLAREMONT CALIFORNIA, CA US","2016-11-11",,"71","87","59"
"USR0000CCLA","CLAREMONT CALIFORNIA, CA US","2016-11-12",,"69","82","59"
"USR0000CCLA","CLAREMONT CALIFORNIA, CA US","2016-11-13",,"71","86","60"
"USR0000CCLA","CLAREMONT CALIFORNIA, CA US","2016-11-14",,"71","87","58"
"USR0000CCLA","CLAREMONT CALIFORNIA, CA US","2016-11-15",,"66","82","56"
"USR0000CCLA","CLAREMONT CALIFORNIA, CA US","2016-11-16",,"58","67","49"
"USR0000CCLA","CLAREMONT CALIFORNIA, CA US","2016-11-17",,"56","67","48"
"USR0000CCLA","CLAREMONT CALIFORNIA, CA US","2016-11-18",,"59","77","46"
"USR0000CCLA","CLAREMONT CALIFORNIA, CA US","2016-11-19",,"61","77","49"
"USR0000CCLA","CLAREMONT CALIFORNIA, CA US","2016-11-20",,"58","65","53"
"USR0000CCLA","CLAREMONT CALIFORNIA, CA US","2016-11-21",,"55","60","50"
"USR0000CCLA","CLAREMONT CALIFORNIA, CA US","2016-11-22",,"54","66","46"
"USR0000CCLA","CLAREMONT CALIFORNIA, CA US","2016-11-23",,"55","69","46"
"USR0000CCLA","CLAREMONT CALIFORNIA, CA US","2016-11-24",,"58","77","46"
"USR0000CCLA","CLAREMONT CALIFORNIA, CA US","2016-11-25",,"58","77","44"
"USR0000CCLA","CLAREMONT CALIFORNIA, CA US","2016-11-26",,"50","61","45"
"USR0000CCLA","CLAREMONT CALIFORNIA, CA US","2016-11-27",,"47","54","42"
"USR0000CCLA","CLAREMONT CALIFORNIA, CA US","2016-11-28",,"49","59","42"
"USR0000CCLA","CLAREMONT CALIFORNIA, CA US","2016-11-29",,"51","64","42"
"USR0000CCLA","CLAREMONT CALIFORNIA, CA US","2016-11-30",,"51","64","41"
"USR0000CCLA","CLAREMONT CALIFORNIA, CA US","2016-12-01",,"50","62","43"
"USR0000CCLA","CLAREMONT CALIFORNIA, CA US","2016-12-02",,"53","62","43"
"USR0000CCLA","CLAREMONT CALIFORNIA, CA US","2016-12-03",,"52","66","39"
"USR0000CCLA","CLAREMONT CALIFORNIA, CA US","2016-12-04",,"58","72","47"
"USR0000CCLA","CLAREMONT CALIFORNIA, CA US","2016-12-05",,"52","65","44"
"USR0000CCLA","CLAREMONT CALIFORNIA, CA US","2016-12-06",,"53","60","45"
"USR0000CCLA","CLAREMONT CALIFORNIA, CA US","2016-12-07",,"51","62","45"
"USR0000CCLA","CLAREMONT CALIFORNIA, CA US","2016-12-08",,"52","63","43"
"USR0000CCLA","CLAREMONT CALIFORNIA, CA US","2016-12-09",,"52","64","45"
"USR0000CCLA","CLAREMONT CALIFORNIA, CA US","2016-12-10",,"53","63","45"
"USR0000CCLA","CLAREMONT CALIFORNIA, CA US","2016-12-11",,"56","58","53"
"USR0000CCLA","CLAREMONT CALIFORNIA, CA US","2016-12-12",,"55","64","49"
"USR0000CCLA","CLAREMONT CALIFORNIA, CA US","2016-12-13",,"55","66","49"
"USR0000CCLA","CLAREMONT CALIFORNIA, CA US","2016-12-14",,"58","72","50"
"USR0000CCLA","CLAREMONT CALIFORNIA, CA US","2016-12-15",,"57","68","50"
"USR0000CCLA","CLAREMONT CALIFORNIA, CA US","2016-12-16",,"51","57","41"
"USR0000CCLA","CLAREMONT CALIFORNIA, CA US","2016-12-17",,"44","55","35"
"USR0000CCLA","CLAREMONT CALIFORNIA, CA US","2016-12-18",,"45","61","34"
"USR0000CCLA","CLAREMONT CALIFORNIA, CA US","2016-12-19",,"50","67","38"
"USR0000CCLA","CLAREMONT CALIFORNIA, CA US","2016-12-20",,"57","74","39"
"USR0000CCLA","CLAREMONT CALIFORNIA, CA US","2016-12-21",,"56","63","50"
"USR0000CCLA","CLAREMONT CALIFORNIA, CA US","2016-12-22",,"52","56","48"
"USR0000CCLA","CLAREMONT CALIFORNIA, CA US","2016-12-23",,"52","56","46"
"USR0000CCLA","CLAREMONT CALIFORNIA, CA US","2016-12-24",,"45","53","36"
"USR0000CCLA","CLAREMONT CALIFORNIA, CA US","2016-12-25",,"42","53","33"
"USR0000CCLA","CLAREMONT CALIFORNIA, CA US","2016-12-26",,"46","58","36"
"USR0000CCLA","CLAREMONT CALIFORNIA, CA US","2016-12-27",,"52","70","37"
"USR0000CCLA","CLAREMONT CALIFORNIA, CA US","2016-12-28",,"59","77","46"
"USR0000CCLA","CLAREMONT CALIFORNIA, CA US","2016-12-29",,"61","78","48"
"USR0000CCLA","CLAREMONT CALIFORNIA, CA US","2016-12-30",,"54","60","52"
"USR0000CCLA","CLAREMONT CALIFORNIA, CA US","2016-12-31",,"49","52","41"
"USR0000CCLA","CLAREMONT CALIFORNIA, CA US","2017-01-01",,"45","53","37"
"USR0000CCLA","CLAREMONT CALIFORNIA, CA US","2017-01-02",,"47","52","44"
"USR0000CCLA","CLAREMONT CALIFORNIA, CA US","2017-01-03",,"47","54","41"
"USR0000CCLA","CLAREMONT CALIFORNIA, CA US","2017-01-04",,"50","58","40"
"USR0000CCLA","CLAREMONT CALIFORNIA, CA US","2017-01-05",,"53","56","50"
"USR0000CCLA","CLAREMONT CALIFORNIA, CA US","2017-01-06",,"52","62","45"
"USR0000CCLA","CLAREMONT CALIFORNIA, CA US","2017-01-07",,"57","69","47"
"USR0000CCLA","CLAREMONT CALIFORNIA, CA US","2017-01-08",,"63","74","53"
"USR0000CCLA","CLAREMONT CALIFORNIA, CA US","2017-01-09",,"52","57","48"
"USR0000CCLA","CLAREMONT CALIFORNIA, CA US","2017-01-10",,"50","55","46"
"USR0000CCLA","CLAREMONT CALIFORNIA, CA US","2017-01-11",,"53","61","47"
"USR0000CCLA","CLAREMONT CALIFORNIA, CA US","2017-01-12",,"48","50","46"
"USR0000CCLA","CLAREMONT CALIFORNIA, CA US","2017-01-13",,"50","59","44"
"USR0000CCLA","CLAREMONT CALIFORNIA, CA US","2017-01-14",,"53","65","43"
"USR0000CCLA","CLAREMONT CALIFORNIA, CA US","2017-01-15",,"51","61","43"
"USR0000CCLA","CLAREMONT CALIFORNIA, CA US","2017-01-16",,"52","62","46"
"USR0000CCLA","CLAREMONT CALIFORNIA, CA US","2017-01-17",,"51","63","42"
"USR0000CCLA","CLAREMONT CALIFORNIA, CA US","2017-01-18",,"48","57","40"
"USR0000CCLA","CLAREMONT CALIFORNIA, CA US","2017-01-19",,"50","56","45"
"USR0000CCLA","CLAREMONT CALIFORNIA, CA US","2017-01-20",,"46","50","44"
"USR0000CCLA","CLAREMONT CALIFORNIA, CA US","2017-01-21",,"47","55","39"
"USR0000CCLA","CLAREMONT CALIFORNIA, CA US","2017-01-22",,"47","51","44"
"USR0000CCLA","CLAREMONT CALIFORNIA, CA US","2017-01-23",,"42","48","35"
"USR0000CCLA","CLAREMONT CALIFORNIA, CA US","2017-01-24",,"42","52","35"
"USR0000CCLA","CLAREMONT CALIFORNIA, CA US","2017-01-25",,"44","57","36"
"USR0000CCLA","CLAREMONT CALIFORNIA, CA US","2017-01-26",,"47","59","35"
"USR0000CCLA","CLAREMONT CALIFORNIA, CA US","2017-01-27",,"49","58","40"
"USR0000CCLA","CLAREMONT CALIFORNIA, CA US","2017-01-28",,"54","70","42"
"USR0000CCLA","CLAREMONT CALIFORNIA, CA US","2017-01-29",,"59","76","45"
"USR0000CCLA","CLAREMONT CALIFORNIA, CA US","2017-01-30",,"60","75","47"
"USR0000CCLA","CLAREMONT CALIFORNIA, CA US","2017-01-31",,"59","73","48"
"USR0000CCLA","CLAREMONT CALIFORNIA, CA US","2017-02-01",,"56","71","46"
"USR0000CCLA","CLAREMONT CALIFORNIA, CA US","2017-02-02",,"53","66","42"
"USR0000CCLA","CLAREMONT CALIFORNIA, CA US","2017-02-03",,"53","57","49"
"USR0000CCLA","CLAREMONT CALIFORNIA, CA US","2017-02-04",,"52","60","45"
"USR0000CCLA","CLAREMONT CALIFORNIA, CA US","2017-02-05",,"49","55","42"
"USR0000CCLA","CLAREMONT CALIFORNIA, CA US","2017-02-06",,"51","55","48"
"USR0000CCLA","CLAREMONT CALIFORNIA, CA US","2017-02-07",,"55","58","52"
"USR0000CCLA","CLAREMONT CALIFORNIA, CA US","2017-02-08",,"59","70","54"
"USR0000CCLA","CLAREMONT CALIFORNIA, CA US","2017-02-09",,"62","76","53"
"USR0000CCLA","CLAREMONT CALIFORNIA, CA US","2017-02-10",,"56","64","52"
"USR0000CCLA","CLAREMONT CALIFORNIA, CA US","2017-02-11",,"54","61","48"
"USR0000CCLA","CLAREMONT CALIFORNIA, CA US","2017-02-12",,"56","70","44"
"USR0000CCLA","CLAREMONT CALIFORNIA, CA US","2017-02-13",,"59","73","49"
"USR0000CCLA","CLAREMONT CALIFORNIA, CA US","2017-02-14",,"59","71","51"
"USR0000CCLA","CLAREMONT CALIFORNIA, CA US","2017-02-15",,"61","77","48"
"USR0000CCLA","CLAREMONT CALIFORNIA, CA US","2017-02-16",,"59","69","50"
"USR0000CCLA","CLAREMONT CALIFORNIA, CA US","2017-02-17",,"51","54","47"
"USR0000CCLA","CLAREMONT CALIFORNIA, CA US","2017-02-18",,"51","58","45"
"USR0000CCLA","CLAREMONT CALIFORNIA, CA US","2017-02-19",,"50","58","48"
"USR0000CCLA","CLAREMONT CALIFORNIA, CA US","2017-02-20",,"54","63","47"
"USR0000CCLA","CLAREMONT CALIFORNIA, CA US","2017-02-21",,"57","65","53"
"USR0000CCLA","CLAREMONT CALIFORNIA, CA US","2017-02-22",,"50","60","41"
"USR0000CCLA","CLAREMONT CALIFORNIA, CA US","2017-02-23",,"46","58","38"
"USR0000CCLA","CLAREMONT CALIFORNIA, CA US","2017-02-24",,"46","60","35"
"USR0000CCLA","CLAREMONT CALIFORNIA, CA US","2017-02-25",,"48","59","36"
"USR0000CCLA","CLAREMONT CALIFORNIA, CA US","2017-02-26",,"47","57","42"
"USR0000CCLA","CLAREMONT CALIFORNIA, CA US","2017-02-27",,"48","55","42"
"USR0000CCLA","CLAREMONT CALIFORNIA, CA US","2017-02-28",,"49","60","39"
"USR0000CCLA","CLAREMONT CALIFORNIA, CA US","2017-03-01",,"54","71","41"
"USR0000CCLA","CLAREMONT CALIFORNIA, CA US","2017-03-02",,"59","76","44"
"USR0000CCLA","CLAREMONT CALIFORNIA, CA US","2017-03-03",,"60","79","46"
"USR0000CCLA","CLAREMONT CALIFORNIA, CA US","2017-03-04",,"57","68","49"
"USR0000CCLA","CLAREMONT CALIFORNIA, CA US","2017-03-05",,"48","53","39"
"USR0000CCLA","CLAREMONT CALIFORNIA, CA US","2017-03-06",,"48","62","37"
"USR0000CCLA","CLAREMONT CALIFORNIA, CA US","2017-03-07",,"57","75","41"
"USR0000CCLA","CLAREMONT CALIFORNIA, CA US","2017-03-08",,"65","82","49"
"USR0000CCLA","CLAREMONT CALIFORNIA, CA US","2017-03-09",,"68","86","54"
"USR0000CCLA","CLAREMONT CALIFORNIA, CA US","2017-03-10",,"67","81","56"
"USR0000CCLA","CLAREMONT CALIFORNIA, CA US","2017-03-11",,"67","82","53"
"USR0000CCLA","CLAREMONT CALIFORNIA, CA US","2017-03-12",,"71","87","55"
"USR0000CCLA","CLAREMONT CALIFORNIA, CA US","2017-03-13",,"72","91","56"
"USR0000CCLA","CLAREMONT CALIFORNIA, CA US","2017-03-14",,"72","88","59"
"USR0000CCLA","CLAREMONT CALIFORNIA, CA US","2017-03-15",,"71","85","60"
"USR0000CCLA","CLAREMONT CALIFORNIA, CA US","2017-03-16",,"67","81","54"
"USR0000CCLA","CLAREMONT CALIFORNIA, CA US","2017-03-17",,"68","83","55"
"USR0000CCLA","CLAREMONT CALIFORNIA, CA US","2017-03-18",,"66","79","53"
"USR0000CCLA","CLAREMONT CALIFORNIA, CA US","2017-03-19",,"66","81","50"
"USR0000CCLA","CLAREMONT CALIFORNIA, CA US","2017-03-20",,"56","70","48"
"USR0000CCLA","CLAREMONT CALIFORNIA, CA US","2017-03-21",,"56","63","50"
"USR0000CCLA","CLAREMONT CALIFORNIA, CA US","2017-03-22",,"56","64","51"
"USR0000CCLA","CLAREMONT CALIFORNIA, CA US","2017-03-23",,"54","67","44"
"USR0000CCLA","CLAREMONT CALIFORNIA, CA US","2017-03-24",,"55","69","43"
"USR0000CCLA","CLAREMONT CALIFORNIA, CA US","2017-03-25",,"54","63","44"
"USR0000CCLA","CLAREMONT CALIFORNIA, CA US","2017-03-26",,"55","66","46"
"USR0000CCLA","CLAREMONT CALIFORNIA, CA US","2017-03-27",,"58","71","49"
"USR0000CCLA","CLAREMONT CALIFORNIA, CA US","2017-03-28",,"61","75","47"
"USR0000CCLA","CLAREMONT CALIFORNIA, CA US","2017-03-29",,"67","81","54"
"USR0000CCLA","CLAREMONT CALIFORNIA, CA US","2017-03-30",,"60","72","52"
"USR0000CCLA","CLAREMONT CALIFORNIA, CA US","2017-03-31",,"56","68","43"
"USR0000CCLA","CLAREMONT CALIFORNIA, CA US","2017-04-01",,"60","76","46"
"USR0000CCLA","CLAREMONT CALIFORNIA, CA US","2017-04-02",,"62","76","51"
"USR0000CCLA","CLAREMONT CALIFORNIA, CA US","2017-04-03",,"55","66","44"
"USR0000CCLA","CLAREMONT CALIFORNIA, CA US","2017-04-04",,"62","79","47"
"USR0000CCLA","CLAREMONT CALIFORNIA, CA US","2017-04-05",,"69","83","55"
"USR0000CCLA","CLAREMONT CALIFORNIA, CA US","2017-04-06",,"65","78","55"
"USR0000CCLA","CLAREMONT CALIFORNIA, CA US","2017-04-07",,"60","75","47"
"USR0000CCLA","CLAREMONT CALIFORNIA, CA US","2017-04-08",,"55","65","45"
"USR0000CCLA","CLAREMONT CALIFORNIA, CA US","2017-04-09",,"56","70","43"
"USR0000CCLA","CLAREMONT CALIFORNIA, CA US","2017-04-10",,"61","77","46"
"USR0000CCLA","CLAREMONT CALIFORNIA, CA US","2017-04-11",,"61","75","49"
"USR0000CCLA","CLAREMONT CALIFORNIA, CA US","2017-04-12",,"60","74","48"
"USR0000CCLA","CLAREMONT CALIFORNIA, CA US","2017-04-13",,"57","66","46"
"USR0000CCLA","CLAREMONT CALIFORNIA, CA US","2017-04-14",,"55","68","44"
"USR0000CCLA","CLAREMONT CALIFORNIA, CA US","2017-04-15",,"62","78","46"
"USR0000CCLA","CLAREMONT CALIFORNIA, CA US","2017-04-16",,"63","79","52"
"USR0000CCLA","CLAREMONT CALIFORNIA, CA US","2017-04-17",,"62","75","50"
"USR0000CCLA","CLAREMONT CALIFORNIA, CA US","2017-04-18",,"62","72","56"
"USR0000CCLA","CLAREMONT CALIFORNIA, CA US","2017-04-19",,"62","74","51"
"USR0000CCLA","CLAREMONT CALIFORNIA, CA US","2017-04-20",,"63","77","49"
"USR0000CCLA","CLAREMONT CALIFORNIA, CA US","2017-04-21",,"72","90","54"
"USR0000CCLA","CLAREMONT CALIFORNIA, CA US","2017-04-22",,"74","91","61"
"USR0000CCLA","CLAREMONT CALIFORNIA, CA US","2017-04-23",,"65","80","52"
"USR0000CCLA","CLAREMONT CALIFORNIA, CA US","2017-04-24",,"58","68","49"
"USR0000CCLA","CLAREMONT CALIFORNIA, CA US","2017-04-25",,"60","72","50"
"USR0000CCLA","CLAREMONT CALIFORNIA, CA US","2017-04-26",,"63","77","52"
"USR0000CCLA","CLAREMONT CALIFORNIA, CA US","2017-04-27",,"63","75","51"
"USR0000CCLA","CLAREMONT CALIFORNIA, CA US","2017-04-28",,"67","80","51"
"USR0000CCLA","CLAREMONT CALIFORNIA, CA US","2017-04-29",,"68","82","55"
"USR0000CCLA","CLAREMONT CALIFORNIA, CA US","2017-04-30",,"69","85","54"
"USR0000CCLA","CLAREMONT CALIFORNIA, CA US","2017-05-01",,"70","87","55"
"USR0000CCLA","CLAREMONT CALIFORNIA, CA US","2017-05-02",,"72","87","57"
"USR0000CCLA","CLAREMONT CALIFORNIA, CA US","2017-05-03",,"71","89","57"
"USR0000CCLA","CLAREMONT CALIFORNIA, CA US","2017-05-04",,"71","87","59"
"USR0000CCLA","CLAREMONT CALIFORNIA, CA US","2017-05-05",,"63","75","53"
"USR0000CCLA","CLAREMONT CALIFORNIA, CA US","2017-05-06",,"53","58","44"
"USR0000CCLA","CLAREMONT CALIFORNIA, CA US","2017-05-07",,"50","60","43"
"USR0000CCLA","CLAREMONT CALIFORNIA, CA US","2017-05-08",,"57","72","42"
"USR0000CCLA","CLAREMONT CALIFORNIA, CA US","2017-05-09",,"57","68","48"
"USR0000CCLA","CLAREMONT CALIFORNIA, CA US","2017-05-10",,"58","64","53"
"USR0000CCLA","CLAREMONT CALIFORNIA, CA US","2017-05-11",,"62","75","51"
"USR0000CCLA","CLAREMONT CALIFORNIA, CA US","2017-05-12",,"62","75","51"
"USR0000CCLA","CLAREMONT CALIFORNIA, CA US","2017-05-13",,"61","73","52"
"USR0000CCLA","CLAREMONT CALIFORNIA, CA US","2017-05-14",,"58","69","49"
"USR0000CCLA","CLAREMONT CALIFORNIA, CA US","2017-05-15",,"52","57","49"
"USR0000CCLA","CLAREMONT CALIFORNIA, CA US","2017-05-16",,"54","60","44"
"USR0000CCLA","CLAREMONT CALIFORNIA, CA US","2017-05-17",,"54","59","48"
"USR0000CCLA","CLAREMONT CALIFORNIA, CA US","2017-05-18",,"61","77","45"
"USR0000CCLA","CLAREMONT CALIFORNIA, CA US","2017-05-19",,"70","86","55"
"USR0000CCLA","CLAREMONT CALIFORNIA, CA US","2017-05-20",,"76","93","57"
"USR0000CCLA","CLAREMONT CALIFORNIA, CA US","2017-05-21",,"77","91","62"
"USR0000CCLA","CLAREMONT CALIFORNIA, CA US","2017-05-22",,"74","90","60"
"USR0000CCLA","CLAREMONT CALIFORNIA, CA US","2017-05-23",,"74","90","61"
"USR0000CCLA","CLAREMONT CALIFORNIA, CA US","2017-05-24",,"67","81","55"
"USR0000CCLA","CLAREMONT CALIFORNIA, CA US","2017-05-25",,"59","69","53"
"USR0000CCLA","CLAREMONT CALIFORNIA, CA US","2017-05-26",,"59","68","51"
"USR0000CCLA","CLAREMONT CALIFORNIA, CA US","2017-05-27",,"61","75","50"
"USR0000CCLA","CLAREMONT CALIFORNIA, CA US","2017-05-28",,"65","83","50"
"USR0000CCLA","CLAREMONT CALIFORNIA, CA US","2017-05-29",,"64","78","52"
"USR0000CCLA","CLAREMONT CALIFORNIA, CA US","2017-05-30",,"63","77","51"
"USR0000CCLA","CLAREMONT CALIFORNIA, CA US","2017-05-31",,"60","67","57"
"USR0000CCLA","CLAREMONT CALIFORNIA, CA US","2017-06-01",,"62","75","55"
"USR0000CCLA","CLAREMONT CALIFORNIA, CA US","2017-06-02",,"69","88","54"
"USR0000CCLA","CLAREMONT CALIFORNIA, CA US","2017-06-03",,"71","87","58"
"USR0000CCLA","CLAREMONT CALIFORNIA, CA US","2017-06-04",,"69","83","58"
"USR0000CCLA","CLAREMONT CALIFORNIA, CA US","2017-06-05",,"67","82","55"
"USR0000CCLA","CLAREMONT CALIFORNIA, CA US","2017-06-06",,"64","76","53"
"USR0000CCLA","CLAREMONT CALIFORNIA, CA US","2017-06-07",,"65","76","58"
"USR0000CCLA","CLAREMONT CALIFORNIA, CA US","2017-06-08",,"63","75","55"
"USR0000CCLA","CLAREMONT CALIFORNIA, CA US","2017-06-09",,"65","78","53"
"USR0000CCLA","CLAREMONT CALIFORNIA, CA US","2017-06-10",,"63","72","56"
"USR0000CCLA","CLAREMONT CALIFORNIA, CA US","2017-06-11",,"60","68","53"
"USR0000CCLA","CLAREMONT CALIFORNIA, CA US","2017-06-12",,"61","73","51"
"USR0000CCLA","CLAREMONT CALIFORNIA, CA US","2017-06-13",,"67","82","51"
"USR0000CCLA","CLAREMONT CALIFORNIA, CA US","2017-06-14",,"73","88","56"
"USR0000CCLA","CLAREMONT CALIFORNIA, CA US","2017-06-15",,"76","91","59"
"USR0000CCLA","CLAREMONT CALIFORNIA, CA US","2017-06-16",,"78","95","63"
"USR0000CCLA","CLAREMONT CALIFORNIA, CA US","2017-06-17",,"77","93","62"
"USR0000CCLA","CLAREMONT CALIFORNIA, CA US","2017-06-18",,"78","93","63"
"USR0000CCLA","CLAREMONT CALIFORNIA, CA US","2017-06-19",,"75","87","66"
"USR0000CCLA","CLAREMONT CALIFORNIA, CA US","2017-06-20",,"82","97","67"
"USR0000CCLA","CLAREMONT CALIFORNIA, CA US","2017-06-21",,"82","96","69"
"USR0000CCLA","CLAREMONT CALIFORNIA, CA US","2017-06-22",,"73","86","59"
"USR0000CCLA","CLAREMONT CALIFORNIA, CA US","2017-06-23",,"72","87","57"
"USR0000CCLA","CLAREMONT CALIFORNIA, CA US","2017-06-24",,"75","87","63"
"USR0000CCLA","CLAREMONT CALIFORNIA, CA US","2017-06-25",,"82","101","66"
"USR0000CCLA","CLAREMONT CALIFORNIA, CA US","2017-06-26",,"84","98","69"
"USR0000CCLA","CLAREMONT CALIFORNIA, CA US","2017-06-27",,"79","94","65"
"USR0000CCLA","CLAREMONT CALIFORNIA, CA US","2017-06-28",,"72","86","57"
"USR0000CCLA","CLAREMONT CALIFORNIA, CA US","2017-06-29",,"67","82","53"
"USR0000CCLA","CLAREMONT CALIFORNIA, CA US","2017-06-30",,"68","84","54"
"USR0000CCLA","CLAREMONT CALIFORNIA, CA US","2017-07-01",,"67","82","55"
"USR0000CCLA","CLAREMONT CALIFORNIA, CA US","2017-07-02",,"70","87","56"
"USR0000CCLA","CLAREMONT CALIFORNIA, CA US","2017-07-03",,"75","93","58"
"USR0000CCLA","CLAREMONT CALIFORNIA, CA US","2017-07-04",,"78","94","63"
"USR0000CCLA","CLAREMONT CALIFORNIA, CA US","2017-07-05",,"79","94","66"
"USR0000CCLA","CLAREMONT CALIFORNIA, CA US","2017-07-06",,"80","97","68"
"USR0000CCLA","CLAREMONT CALIFORNIA, CA US","2017-07-07",,"87","102","72"
"USR0000CCLA","CLAREMONT CALIFORNIA, CA US","2017-07-08",,"87","102","73"
"USR0000CCLA","CLAREMONT CALIFORNIA, CA US","2017-07-09",,"84","99","71"
"USR0000CCLA","CLAREMONT CALIFORNIA, CA US","2017-07-10",,"81","93","69"
"USR0000CCLA","CLAREMONT CALIFORNIA, CA US","2017-07-11",,"78","89","67"
"USR0000CCLA","CLAREMONT CALIFORNIA, CA US","2017-07-12",,"76","88","63"
"USR0000CCLA","CLAREMONT CALIFORNIA, CA US","2017-07-13",,"76","90","63"
"USR0000CCLA","CLAREMONT CALIFORNIA, CA US","2017-07-14",,"77","92","65"
"USR0000CCLA","CLAREMONT CALIFORNIA, CA US","2017-07-15",,"79","93","69"
"USR0000CCLA","CLAREMONT CALIFORNIA, CA US","2017-07-16",,"78","89","66"
"USR0000CCLA","CLAREMONT CALIFORNIA, CA US","2017-07-17",,"77","89","66"
"USR0000CCLA","CLAREMONT CALIFORNIA, CA US","2017-07-18",,"76","88","64"
"USR0000CCLA","CLAREMONT CALIFORNIA, CA US","2017-07-19",,"76","89","66"
"USR0000CCLA","CLAREMONT CALIFORNIA, CA US","2017-07-20",,"76","92","62"
"USR0000CCLA","CLAREMONT CALIFORNIA, CA US","2017-07-21",,"74","89","60"
"USR0000CCLA","CLAREMONT CALIFORNIA, CA US","2017-07-22",,"76","91","63"
"USR0000CCLA","CLAREMONT CALIFORNIA, CA US","2017-07-23",,"76","91","64"
"USR0000CCLA","CLAREMONT CALIFORNIA, CA US","2017-07-24",,"71","79","64"
"USR0000CCLA","CLAREMONT CALIFORNIA, CA US","2017-07-25",,"72","86","63"
"USR0000CCLA","CLAREMONT CALIFORNIA, CA US","2017-07-26",,"74","90","61"
"USR0000CCLA","CLAREMONT CALIFORNIA, CA US","2017-07-27",,"76","93","66"
"USR0000CCLA","CLAREMONT CALIFORNIA, CA US","2017-07-28",,"74","89","63"
"USR0000CCLA","CLAREMONT CALIFORNIA, CA US","2017-07-29",,"74","91","62"
"USR0000CCLA","CLAREMONT CALIFORNIA, CA US","2017-07-30",,"73","87","60"
"USR0000CCLA","CLAREMONT CALIFORNIA, CA US","2017-07-31",,"76","90","61"
"USR0000CCLA","CLAREMONT CALIFORNIA, CA US","2017-08-01",,"82","100","69"
"USR0000CCLA","CLAREMONT CALIFORNIA, CA US","2017-08-02",,"83","93","76"
"USR0000CCLA","CLAREMONT CALIFORNIA, CA US","2017-08-03",,"83","95","71"
"USR0000CCLA","CLAREMONT CALIFORNIA, CA US","2017-08-04",,"79","90","69"
"USR0000CCLA","CLAREMONT CALIFORNIA, CA US","2017-08-05",,"74","88","64"
"USR0000CCLA","CLAREMONT CALIFORNIA, CA US","2017-08-06",,"73","86","61"
"USR0000CCLA","CLAREMONT CALIFORNIA, CA US","2017-08-07",,"74","88","63"
"USR0000CCLA","CLAREMONT CALIFORNIA, CA US","2017-08-08",,"78","94","65"
"USR0000CCLA","CLAREMONT CALIFORNIA, CA US","2017-08-09",,"76","90","63"
"USR0000CCLA","CLAREMONT CALIFORNIA, CA US","2017-08-10",,"77","91","64"
"USR0000CCLA","CLAREMONT CALIFORNIA, CA US","2017-08-11",,"77","93","66"
"USR0000CCLA","CLAREMONT CALIFORNIA, CA US","2017-08-12",,"75","90","61"
"USR0000CCLA","CLAREMONT CALIFORNIA, CA US","2017-08-13",,"73","90","60"
"USR0000CCLA","CLAREMONT CALIFORNIA, CA US","2017-08-14",,"69","84","57"
"USR0000CCLA","CLAREMONT CALIFORNIA, CA US","2017-08-15",,"66","77","57"
"USR0000CCLA","CLAREMONT CALIFORNIA, CA US","2017-08-16",,"67","80","56"
"USR0000CCLA","CLAREMONT CALIFORNIA, CA US","2017-08-17",,"70","84","59"
"USR0000CCLA","CLAREMONT CALIFORNIA, CA US","2017-08-18",,"71","84","60"
"USR0000CCLA","CLAREMONT CALIFORNIA, CA US","2017-08-19",,"69","84","58"
"USR0000CCLA","CLAREMONT CALIFORNIA, CA US","2017-08-20",,"68","84","56"
"USR0000CCLA","CLAREMONT CALIFORNIA, CA US","2017-08-21",,"69","85","57"
"USR0000CCLA","CLAREMONT CALIFORNIA, CA US","2017-08-22",,"73","89","60"
"USR0000CCLA","CLAREMONT CALIFORNIA, CA US","2017-08-23",,"69","82","60"
"USR0000CCLA","CLAREMONT CALIFORNIA, CA US","2017-08-24",,"69","83","61"
"USR0000CCLA","CLAREMONT CALIFORNIA, CA US","2017-08-25",,"71","86","60"
"USR0000CCLA","CLAREMONT CALIFORNIA, CA US","2017-08-26",,"79","98","65"
"USR0000CCLA","CLAREMONT CALIFORNIA, CA US","2017-08-27",,"80","94","68"
"USR0000CCLA","CLAREMONT CALIFORNIA, CA US","2017-08-28",,"88","105","72"
"USR0000CCLA","CLAREMONT CALIFORNIA, CA US","2017-08-29",,"90","103","80"
"USR0000CCLA","CLAREMONT CALIFORNIA, CA US","2017-08-30",,"90","103","77"
"USR0000CCLA","CLAREMONT CALIFORNIA, CA US","2017-08-31",,"91","107","80"
"USR0000CCLA","CLAREMONT CALIFORNIA, CA US","2017-09-01",,"90","107","77"
"USR0000CCLA","CLAREMONT CALIFORNIA, CA US","2017-09-02",,"90","100","80"
"USR0000CCLA","CLAREMONT CALIFORNIA, CA US","2017-09-03",,"83","96","71"
"USR0000CCLA","CLAREMONT CALIFORNIA, CA US","2017-09-04",,"74","85","67"
"USR0000CCLA","CLAREMONT CALIFORNIA, CA US","2017-09-05",,"75","88","65"
"USR0000CCLA","CLAREMONT CALIFORNIA, CA US","2017-09-06",,"76","89","66"
"USR0000CCLA","CLAREMONT CALIFORNIA, CA US","2017-09-07",,"76","91","64"
"USR0000CCLA","CLAREMONT CALIFORNIA, CA US","2017-09-08",,"74","86","63"
"USR0000CCLA","CLAREMONT CALIFORNIA, CA US","2017-09-09",,"73","87","59"
"USR0000CCLA","CLAREMONT CALIFORNIA, CA US","2017-09-10",,"80","94","68"
"USR0000CCLA","CLAREMONT CALIFORNIA, CA US","2017-09-11",,"79","100","69"
"USR0000CCLA","CLAREMONT CALIFORNIA, CA US","2017-09-12",,"75","88","63"
"USR0000CCLA","CLAREMONT CALIFORNIA, CA US","2017-09-13",,"67","80","59"
"USR0000CCLA","CLAREMONT CALIFORNIA, CA US","2017-09-14",,"64","70","58"
"USR0000CCLA","CLAREMONT CALIFORNIA, CA US","2017-09-15",,"64","72","57"
"USR0000CCLA","CLAREMONT CALIFORNIA, CA US","2017-09-16",,"65","77","55"
"USR0000CCLA","CLAREMONT CALIFORNIA, CA US","2017-09-17",,"65","75","58"
"USR0000CCLA","CLAREMONT CALIFORNIA, CA US","2017-09-18",,"66","78","56"
"USR0000CCLA","CLAREMONT CALIFORNIA, CA US","2017-09-19",,"65","73","58"
"USR0000CCLA","CLAREMONT CALIFORNIA, CA US","2017-09-20",,"65","74","60"
"USR0000CCLA","CLAREMONT CALIFORNIA, CA US","2017-09-21",,"60","66","52"
"USR0000CCLA","CLAREMONT CALIFORNIA, CA US","2017-09-22",,"59","71","49"
"USR0000CCLA","CLAREMONT CALIFORNIA, CA US","2017-09-23",,"60","73","50"
"USR0000CCLA","CLAREMONT CALIFORNIA, CA US","2017-09-24",,"66","82","52"
"USR0000CCLA","CLAREMONT CALIFORNIA, CA US","2017-09-25",,"70","84","56"
"USR0000CCLA","CLAREMONT CALIFORNIA, CA US","2017-09-26",,"70","84","57"
"USR0000CCLA","CLAREMONT CALIFORNIA, CA US","2017-09-27",,"72","86","59"
"USR0000CCLA","CLAREMONT CALIFORNIA, CA US","2017-09-28",,"75","92","60"
"USR0000CCLA","CLAREMONT CALIFORNIA, CA US","2017-09-29",,"75","90","62"
"USR0000CCLA","CLAREMONT CALIFORNIA, CA US","2017-09-30",,"69","82","56"
"USR0000CCLA","CLAREMONT CALIFORNIA, CA US","2017-10-01",,"64","77","54"
"USR0000CCLA","CLAREMONT CALIFORNIA, CA US","2017-10-02",,"64","75","57"
"USR0000CCLA","CLAREMONT CALIFORNIA, CA US","2017-10-03",,"61","72","53"
"USR0000CCLA","CLAREMONT CALIFORNIA, CA US","2017-10-04",,"64","81","50"
"USR0000CCLA","CLAREMONT CALIFORNIA, CA US","2017-10-05",,"69","85","54"
"USR0000CCLA","CLAREMONT CALIFORNIA, CA US","2017-10-06",,"75","94","59"
"USR0000CCLA","CLAREMONT CALIFORNIA, CA US","2017-10-07",,"76","93","63"
"USR0000CCLA","CLAREMONT CALIFORNIA, CA US","2017-10-08",,"67","80","57"
"USR0000CCLA","CLAREMONT CALIFORNIA, CA US","2017-10-09",,"68","86","55"
"USR0000CCLA","CLAREMONT CALIFORNIA, CA US","2017-10-10",,"69","86","54"
"USR0000CCLA","CLAREMONT CALIFORNIA, CA US","2017-10-11",,"65","79","54"
"USR0000CCLA","CLAREMONT CALIFORNIA, CA US","2017-10-12",,"61","77","48"
"USR0000CCLA","CLAREMONT CALIFORNIA, CA US","2017-10-13",,"64","79","52"
"USR0000CCLA","CLAREMONT CALIFORNIA, CA US","2017-10-14",,"71","92","54"
"USR0000CCLA","CLAREMONT CALIFORNIA, CA US","2017-10-15",,"74","94","60"
"USR0000CCLA","CLAREMONT CALIFORNIA, CA US","2017-10-16",,"77","94","62"
"USR0000CCLA","CLAREMONT CALIFORNIA, CA US","2017-10-17",,"76","92","63"
"USR0000CCLA","CLAREMONT CALIFORNIA, CA US","2017-10-18",,"73","86","62"
"USR0000CCLA","CLAREMONT CALIFORNIA, CA US","2017-10-19",,"65","75","56"
"USR0000CCLA","CLAREMONT CALIFORNIA, CA US","2017-10-20",,"61","68","56"
"USR0000CCLA","CLAREMONT CALIFORNIA, CA US","2017-10-21",,"63","77","51"
"USR0000CCLA","CLAREMONT CALIFORNIA, CA US","2017-10-22",,"74","91","58"
"USR0000CCLA","CLAREMONT CALIFORNIA, CA US","2017-10-23",,"83","100","65"
"USR0000CCLA","CLAREMONT CALIFORNIA, CA US","2017-10-24",,"88","100","72"
"USR0000CCLA","CLAREMONT CALIFORNIA, CA US","2017-10-25",,"80","96","68"
"USR0000CCLA","CLAREMONT CALIFORNIA, CA US","2017-10-26",,"75","90","63"
"USR0000CCLA","CLAREMONT CALIFORNIA, CA US","2017-10-27",,"73","89","61"
"USR0000CCLA","CLAREMONT CALIFORNIA, CA US","2017-10-28",,"71","87","59"
"USR0000CCLA","CLAREMONT CALIFORNIA, CA US","2017-10-29",,"63","73","56"
"USR0000CCLA","CLAREMONT CALIFORNIA, CA US","2017-10-30",,"59","63","56"
"USR0000CCLA","CLAREMONT CALIFORNIA, CA US","2017-10-31",,"58","68","55"
"USR0000CCLA","CLAREMONT CALIFORNIA, CA US","2017-11-01",,"60","69","57"
"USR0000CCLA","CLAREMONT CALIFORNIA, CA US","2017-11-02",,"58","62","54"
"USR0000CCLA","CLAREMONT CALIFORNIA, CA US","2017-11-03",,"58","66","51"
"USR0000CCLA","CLAREMONT CALIFORNIA, CA US","2017-11-04",,"58","68","49"
"USR0000CCLA","CLAREMONT CALIFORNIA, CA US","2017-11-05",,"59","69","52"
"USR0000CCLA","CLAREMONT CALIFORNIA, CA US","2017-11-06",,"60","70","51"
"USR0000CCLA","CLAREMONT CALIFORNIA, CA US","2017-11-07",,"62","73","54"
"USR0000CCLA","CLAREMONT CALIFORNIA, CA US","2017-11-08",,"61","74","53"
"USR0000CCLA","CLAREMONT CALIFORNIA, CA US","2017-11-09",,"57","68","50"
"USR0000CCLA","CLAREMONT CALIFORNIA, CA US","2017-11-10",,"55","66","47"
"USR0000CCLA","CLAREMONT CALIFORNIA, CA US","2017-11-11",,"58","72","47"
"USR0000CCLA","CLAREMONT CALIFORNIA, CA US","2017-11-12",,"58","67","51"
"USR0000CCLA","CLAREMONT CALIFORNIA, CA US","2017-11-13",,"60","73","48"
"USR0000CCLA","CLAREMONT CALIFORNIA, CA US","2017-11-14",,"63","77","52"
"USR0000CCLA","CLAREMONT CALIFORNIA, CA US","2017-11-15",,"65","79","55"
"USR0000CCLA","CLAREMONT CALIFORNIA, CA US","2017-11-16",,"66","77","58"
"USR0000CCLA","CLAREMONT CALIFORNIA, CA US","2017-11-17",,"62","70","54"
"USR0000CCLA","CLAREMONT CALIFORNIA, CA US","2017-11-18",,"60","76","48"
"USR0000CCLA","CLAREMONT CALIFORNIA, CA US","2017-11-19",,"60","75","47"
"USR0000CCLA","CLAREMONT CALIFORNIA, CA US","2017-11-20",,"61","72","50"
"USR0000CCLA","CLAREMONT CALIFORNIA, CA US","2017-11-21",,"70","88","56"
"USR0000CCLA","CLAREMONT CALIFORNIA, CA US","2017-11-22",,"75","91","63"
"USR0000CCLA","CLAREMONT CALIFORNIA, CA US","2017-11-23",,"73","89","61"
"USR0000CCLA","CLAREMONT CALIFORNIA, CA US","2017-11-24",,"71","85","61"
"USR0000CCLA","CLAREMONT CALIFORNIA, CA US","2017-11-25",,"70","85","60"
"USR0000CCLA","CLAREMONT CALIFORNIA, CA US","2017-11-26",,"65","77","53"
"USR0000CCLA","CLAREMONT CALIFORNIA, CA US","2017-11-27",,"54","62","45"
"USR0000CCLA","CLAREMONT CALIFORNIA, CA US","2017-11-28",,"58","73","45"
"USR0000CCLA","CLAREMONT CALIFORNIA, CA US","2017-11-29",,"59","76","47"
"USR0000CCLA","CLAREMONT CALIFORNIA, CA US","2017-11-30",,"60","76","50"
"USR0000CCLA","CLAREMONT CALIFORNIA, CA US","2017-12-01",,"61","74","51"
"USR0000CCLA","CLAREMONT CALIFORNIA, CA US","2017-12-02",,"62","77","51"
"USR0000CCLA","CLAREMONT CALIFORNIA, CA US","2017-12-03",,"55","66","47"
"USR0000CCLA","CLAREMONT CALIFORNIA, CA US","2017-12-04",,"55","66","43"
"USR0000CCLA","CLAREMONT CALIFORNIA, CA US","2017-12-05",,"55","69","41"
"USR0000CCLA","CLAREMONT CALIFORNIA, CA US","2017-12-06",,"58","73","44"
"USR0000CCLA","CLAREMONT CALIFORNIA, CA US","2017-12-07",,"66","75","55"
"USR0000CCLA","CLAREMONT CALIFORNIA, CA US","2017-12-08",,"60","76","48"
"USR0000CCLA","CLAREMONT CALIFORNIA, CA US","2017-12-09",,"63","80","51"
"USR0000CCLA","CLAREMONT CALIFORNIA, CA US","2017-12-10",,"64","79","54"
"USR0000CCLA","CLAREMONT CALIFORNIA, CA US","2017-12-11",,"62","79","52"
"USR0000CCLA","CLAREMONT CALIFORNIA, CA US","2017-12-12",,"62","78","52"
"USR0000CCLA","CLAREMONT CALIFORNIA, CA US","2017-12-13",,"62","80","51"
"USR0000CCLA","CLAREMONT CALIFORNIA, CA US","2017-12-14",,"63","80","51"
"USR0000CCLA","CLAREMONT CALIFORNIA, CA US","2017-12-15",,"61","77","49"
"USR0000CCLA","CLAREMONT CALIFORNIA, CA US","2017-12-16",,"54","65","48"
"USR0000CCLA","CLAREMONT CALIFORNIA, CA US","2017-12-17",,"56","69","46"
"USR0000CCLA","CLAREMONT CALIFORNIA, CA US","2017-12-18",,"53","68","42"
"USR0000CCLA","CLAREMONT CALIFORNIA, CA US","2017-12-19",,"53","67","45"
"USR0000CCLA","CLAREMONT CALIFORNIA, CA US","2017-12-20",,"49","58","42"
"USR0000CCLA","CLAREMONT CALIFORNIA, CA US","2017-12-21",,"47","58","36"
"USR0000CCLA","CLAREMONT CALIFORNIA, CA US","2017-12-22",,"50","64","38"
"USR0000CCLA","CLAREMONT CALIFORNIA, CA US","2017-12-23",,"53","65","45"
"USR0000CCLA","CLAREMONT CALIFORNIA, CA US","2017-12-24",,"58","76","46"
"USR0000CCLA","CLAREMONT CALIFORNIA, CA US","2017-12-25",,"56","71","46"
"USR0000CCLA","CLAREMONT CALIFORNIA, CA US","2017-12-26",,"56","69","46"
"USR0000CCLA","CLAREMONT CALIFORNIA, CA US","2017-12-27",,"62","77","48"
"USR0000CCLA","CLAREMONT CALIFORNIA, CA US","2017-12-28",,"64","83","51"
"USR0000CCLA","CLAREMONT CALIFORNIA, CA US","2017-12-29",,"67","83","55"
"USR0000CCLA","CLAREMONT CALIFORNIA, CA US","2017-12-30",,"61","75","51"
"USR0000CCLA","CLAREMONT CALIFORNIA, CA US","2017-12-31",,"57","69","49"
"USR0000CCLA","CLAREMONT CALIFORNIA, CA US","2018-01-01",,"59","73","48"
"USR0000CCLA","CLAREMONT CALIFORNIA, CA US","2018-01-02",,"63","78","53"
"USR0000CCLA","CLAREMONT CALIFORNIA, CA US","2018-01-03",,"62","75","52"
"USR0000CCLA","CLAREMONT CALIFORNIA, CA US","2018-01-04",,"61","73","50"
"USR0000CCLA","CLAREMONT CALIFORNIA, CA US","2018-01-05",,"60","72","53"
"USR0000CCLA","CLAREMONT CALIFORNIA, CA US","2018-01-06",,"60","67","54"
"USR0000CCLA","CLAREMONT CALIFORNIA, CA US","2018-01-07",,"61","74","49"
"USR0000CCLA","CLAREMONT CALIFORNIA, CA US","2018-01-08",,"60","65","57"
"USR0000CCLA","CLAREMONT CALIFORNIA, CA US","2018-01-09",,"51","56","46"
"USR0000CCLA","CLAREMONT CALIFORNIA, CA US","2018-01-10",,"50","58","44"
"USR0000CCLA","CLAREMONT CALIFORNIA, CA US","2018-01-11",,"56","72","44"
"USR0000CCLA","CLAREMONT CALIFORNIA, CA US","2018-01-12",,"60","75","50"
"USR0000CCLA","CLAREMONT CALIFORNIA, CA US","2018-01-13",,"63","80","52"
"USR0000CCLA","CLAREMONT CALIFORNIA, CA US","2018-01-14",,"62","78","53"
"USR0000CCLA","CLAREMONT CALIFORNIA, CA US","2018-01-15",,"60","72","51"
"USR0000CCLA","CLAREMONT CALIFORNIA, CA US","2018-01-16",,"59","68","51"
"USR0000CCLA","CLAREMONT CALIFORNIA, CA US","2018-01-17",,"63","77","52"
"USR0000CCLA","CLAREMONT CALIFORNIA, CA US","2018-01-18",,"62","77","52"
"USR0000CCLA","CLAREMONT CALIFORNIA, CA US","2018-01-19",,"52","59","46"
"USR0000CCLA","CLAREMONT CALIFORNIA, CA US","2018-01-20",,"48","59","40"
"USR0000CCLA","CLAREMONT CALIFORNIA, CA US","2018-01-21",,"47","59","36"
"USR0000CCLA","CLAREMONT CALIFORNIA, CA US","2018-01-22",,"51","64","40"
"USR0000CCLA","CLAREMONT CALIFORNIA, CA US","2018-01-23",,"56","71","44"
"USR0000CCLA","CLAREMONT CALIFORNIA, CA US","2018-01-24",,"56","73","43"
"USR0000CCLA","CLAREMONT CALIFORNIA, CA US","2018-01-25",,"49","59","41"
"USR0000CCLA","CLAREMONT CALIFORNIA, CA US","2018-01-26",,"50","63","39"
"USR0000CCLA","CLAREMONT CALIFORNIA, CA US","2018-01-27",,"56","70","43"
"USR0000CCLA","CLAREMONT CALIFORNIA, CA US","2018-01-28",,"68","85","53"
"USR0000CCLA","CLAREMONT CALIFORNIA, CA US","2018-01-29",,"67","85","55"
"USR0000CCLA","CLAREMONT CALIFORNIA, CA US","2018-01-30",,"64","81","55"
"USR0000CCLA","CLAREMONT CALIFORNIA, CA US","2018-01-31",,"64","79","53"
"USR0000CCLA","CLAREMONT CALIFORNIA, CA US","2018-02-01",,"65","79","53"
"USR0000CCLA","CLAREMONT CALIFORNIA, CA US","2018-02-02",,"66","83","52"
"US1CALA0015","CLAREMONT 0.5 E, CA US","2015-01-09","0.17",,,
"US1CALA0015","CLAREMONT 0.5 E, CA US","2015-01-11","0.40",,,
"US1CALA0015","CLAREMONT 0.5 E, CA US","2015-01-12","0.40",,,
"US1CALA0015","CLAREMONT 0.5 E, CA US","2015-01-27","0.34",,,
"US1CALA0015","CLAREMONT 0.5 E, CA US","2015-01-30","0.05",,,
"US1CALA0015","CLAREMONT 0.5 E, CA US","2015-02-08","0.03",,,
"US1CALA0015","CLAREMONT 0.5 E, CA US","2015-02-23","1.12",,,
"US1CALA0015","CLAREMONT 0.5 E, CA US","2015-02-24","0.47",,,
"US1CALA0015","CLAREMONT 0.5 E, CA US","2015-02-28","0.05",,,
"US1CALA0015","CLAREMONT 0.5 E, CA US","2015-03-01","0.25",,,
"US1CALA0015","CLAREMONT 0.5 E, CA US","2015-03-02","0.45",,,
"US1CALA0015","CLAREMONT 0.5 E, CA US","2015-04-08","0.37",,,
"US1CALA0015","CLAREMONT 0.5 E, CA US","2015-04-26","0.47",,,
"US1CALA0015","CLAREMONT 0.5 E, CA US","2015-05-08","0.51",,,
"US1CALA0015","CLAREMONT 0.5 E, CA US","2015-05-16","0.72",,,
"US1CALA0015","CLAREMONT 0.5 E, CA US","2015-05-23","0.10",,,
"US1CALA0015","CLAREMONT 0.5 E, CA US","2015-06-12","0.02",,,
"US1CALA0015","CLAREMONT 0.5 E, CA US","2015-06-13","0.09",,,
"US1CALA0015","CLAREMONT 0.5 E, CA US","2015-06-14","0.02",,,
"US1CALA0015","CLAREMONT 0.5 E, CA US","2015-07-01","0.02",,,
"US1CALA0015","CLAREMONT 0.5 E, CA US","2015-07-19","0.48",,,
"US1CALA0015","CLAREMONT 0.5 E, CA US","2015-07-20","0.46",,,
"US1CALA0015","CLAREMONT 0.5 E, CA US","2015-09-15","0.55",,,
"US1CALA0015","CLAREMONT 0.5 E, CA US","2015-09-16","0.78",,,
"US1CALA0015","CLAREMONT 0.5 E, CA US","2015-10-05","0.70",,,
"US1CALA0015","CLAREMONT 0.5 E, CA US","2015-10-20","0.05",,,
"US1CALA0015","CLAREMONT 0.5 E, CA US","2015-11-03","0.20",,,
"US1CALA0015","CLAREMONT 0.5 E, CA US","2015-11-04","0.11",,,
"US1CALA0015","CLAREMONT 0.5 E, CA US","2015-11-25","0.08",,,
"US1CALA0015","CLAREMONT 0.5 E, CA US","2015-11-27","0.01",,,
"US1CALA0015","CLAREMONT 0.5 E, CA US","2015-12-11","0.29",,,
"US1CALA0015","CLAREMONT 0.5 E, CA US","2015-12-12","0.12",,,
"US1CALA0015","CLAREMONT 0.5 E, CA US","2015-12-14","0.37",,,
"US1CALA0015","CLAREMONT 0.5 E, CA US","2015-12-20","0.39",,,
"US1CALA0015","CLAREMONT 0.5 E, CA US","2015-12-22","0.25",,,
"US1CALA0015","CLAREMONT 0.5 E, CA US","2015-12-23","0.15",,,
"US1CALA0015","CLAREMONT 0.5 E, CA US","2015-12-29","0.10",,,
"US1CALA0015","CLAREMONT 0.5 E, CA US","2016-01-05","0.04",,,
"US1CALA0015","CLAREMONT 0.5 E, CA US","2016-01-06","1.35",,,
"US1CALA0015","CLAREMONT 0.5 E, CA US","2016-01-07","1.65",,,
"US1CALA0015","CLAREMONT 0.5 E, CA US","2016-01-08","0.03",,,
"US1CALA0015","CLAREMONT 0.5 E, CA US","2016-01-20","0.05",,,
"US1CALA0015","CLAREMONT 0.5 E, CA US","2016-01-31","0.12",,,
"US1CALA0015","CLAREMONT 0.5 E, CA US","2016-02-01","0.75",,,
"US1CALA0015","CLAREMONT 0.5 E, CA US","2016-02-18","0.72",,,
"US1CALA0015","CLAREMONT 0.5 E, CA US","2016-02-19","0.03",,,
"US1CALA0015","CLAREMONT 0.5 E, CA US","2016-03-06","1.05",,,
"US1CALA0015","CLAREMONT 0.5 E, CA US","2016-03-07","0.25",,,
"US1CALA0015","CLAREMONT 0.5 E, CA US","2016-03-08","0.59",,,
"US1CALA0015","CLAREMONT 0.5 E, CA US","2016-03-12","0.50",,,
"US1CALA0015","CLAREMONT 0.5 E, CA US","2016-03-14","0.11",,,
"US1CALA0015","CLAREMONT 0.5 E, CA US","2016-03-29","0.07",,,
"US1CALA0015","CLAREMONT 0.5 E, CA US","2016-04-08","0.09",,,
"US1CALA0015","CLAREMONT 0.5 E, CA US","2016-04-09","0.15",,,
"US1CALA0015","CLAREMONT 0.5 E, CA US","2016-04-10","0.09",,,
"US1CALA0015","CLAREMONT 0.5 E, CA US","2016-04-11","0.21",,,
"US1CALA0015","CLAREMONT 0.5 E, CA US","2016-04-25","0.14",,,
"US1CALA0015","CLAREMONT 0.5 E, CA US","2016-04-26","0.17",,,
"US1CALA0015","CLAREMONT 0.5 E, CA US","2016-04-30","0.04",,,
"US1CALA0015","CLAREMONT 0.5 E, CA US","2016-05-05","0.03",,,
"US1CALA0015","CLAREMONT 0.5 E, CA US","2016-05-06","0.00",,,
"US1CALA0015","CLAREMONT 0.5 E, CA US","2016-05-07","0.02",,,
"US1CALA0015","CLAREMONT 0.5 E, CA US","2016-05-30","0.05",,,
"US1CALA0015","CLAREMONT 0.5 E, CA US","2016-06-12","0.02",,,
"US1CALA0015","CLAREMONT 0.5 E, CA US","2016-06-28","0.00",,,
"US1CALA0015","CLAREMONT 0.5 E, CA US","2016-09-29","0.03",,,
"US1CALA0015","CLAREMONT 0.5 E, CA US","2016-10-17","0.08",,,
"US1CALA0015","CLAREMONT 0.5 E, CA US","2016-10-24","0.70",,,
"US1CALA0015","CLAREMONT 0.5 E, CA US","2016-10-31","0.03",,,
"US1CALA0015","CLAREMONT 0.5 E, CA US","2016-11-21","0.60",,,
"US1CALA0015","CLAREMONT 0.5 E, CA US","2016-11-27","0.15",,,
"US1CALA0015","CLAREMONT 0.5 E, CA US","2016-11-28","0.15",,,
"US1CALA0015","CLAREMONT 0.5 E, CA US","2016-12-16","1.85",,,
"US1CALA0015","CLAREMONT 0.5 E, CA US","2016-12-17","0.65",,,
"US1CALA0015","CLAREMONT 0.5 E, CA US","2016-12-22","1.65",,,
"US1CALA0015","CLAREMONT 0.5 E, CA US","2016-12-23","0.40",,,
"US1CALA0015","CLAREMONT 0.5 E, CA US","2016-12-24","1.70",,,
"US1CALA0015","CLAREMONT 0.5 E, CA US","2016-12-31","0.28",,,
"US1CALA0015","CLAREMONT 0.5 E, CA US","2017-01-01","0.33",,,
"US1CALA0015","CLAREMONT 0.5 E, CA US","2017-01-05","0.68",,,
"US1CALA0015","CLAREMONT 0.5 E, CA US","2017-01-06","0.25",,,
"US1CALA0015","CLAREMONT 0.5 E, CA US","2017-01-07","0.11",,,
"US1CALA0015","CLAREMONT 0.5 E, CA US","2017-01-09","0.81",,,
"US1CALA0015","CLAREMONT 0.5 E, CA US","2017-01-10","0.10",,,
"US1CALA0015","CLAREMONT 0.5 E, CA US","2017-01-11","0.85",,,
"US1CALA0015","CLAREMONT 0.5 E, CA US","2017-01-12","1.16",,,
"US1CALA0015","CLAREMONT 0.5 E, CA US","2017-01-13","1.11",,,
"US1CALA0015","CLAREMONT 0.5 E, CA US","2017-01-19","0.74",,,
"US1CALA0015","CLAREMONT 0.5 E, CA US","2017-01-20","0.50",,,
"US1CALA0015","CLAREMONT 0.5 E, CA US","2017-01-21","2.00",,,
"US1CALA0015","CLAREMONT 0.5 E, CA US","2017-01-22","0.10",,,
"US1CALA0015","CLAREMONT 0.5 E, CA US","2017-01-23","2.75",,,
"US1CALA0015","CLAREMONT 0.5 E, CA US","2017-01-24","0.72",,,
"US1CALA0015","CLAREMONT 0.5 E, CA US","2017-02-04","0.03",,,
"US1CALA0015","CLAREMONT 0.5 E, CA US","2017-02-06","0.21",,,
"US1CALA0015","CLAREMONT 0.5 E, CA US","2017-02-08","0.18",,,
"US1CALA0015","CLAREMONT 0.5 E, CA US","2017-02-11","0.38",,,
"US1CALA0015","CLAREMONT 0.5 E, CA US","2017-02-18","2.40",,,
"US1CALA0015","CLAREMONT 0.5 E, CA US","2017-02-19","0.10",,,
"US1CALA0015","CLAREMONT 0.5 E, CA US","2017-02-20","0.02",,,
"US1CALA0015","CLAREMONT 0.5 E, CA US","2017-02-23","0.03",,,
"US1CALA0015","CLAREMONT 0.5 E, CA US","2017-02-26","0.27",,,
"US1CALA0015","CLAREMONT 0.5 E, CA US","2017-02-28","0.08",,,
"US1CALA0015","CLAREMONT 0.5 E, CA US","2017-03-22","0.21",,,
"US1CALA0015","CLAREMONT 0.5 E, CA US","2017-04-08","0.10",,,
"US1CALA0015","CLAREMONT 0.5 E, CA US","2017-05-07","0.21",,,
"US1CALA0015","CLAREMONT 0.5 E, CA US","2017-05-10","0.06",,,
"US1CALA0015","CLAREMONT 0.5 E, CA US","2017-09-12","0.00",,,
"US1CALA0015","CLAREMONT 0.5 E, CA US","2017-09-22","0.06",,,
"US1CALA0015","CLAREMONT 0.5 E, CA US","2018-01-09","1.60",,,
"US1CALA0015","CLAREMONT 0.5 E, CA US","2018-01-10","1.12",,,
